gbifID	datasetKey	occurrenceID	kingdom	phylum	class	order	family	genus	species	infraspecificEpithet	taxonRank	scientificName	verbatimScientificName	verbatimScientificNameAuthorship	countryCode	locality	stateProvince	occurrenceStatus	individualCount	publishingOrgKey	decimalLatitude	decimalLongitude	coordinateUncertaintyInMeters	coordinatePrecision	elevation	elevationAccuracy	depth	depthAccuracy	eventDate	day	month	year	taxonKey	speciesKey	basisOfRecord	institutionCode	collectionCode	catalogNumber	recordNumber	identifiedBy	dateIdentified	license	rightsHolder	recordedBy	typeStatus	establishmentMeans	lastInterpreted	mediaType	issue
4890494243	8a863029-f435-446a-821e-275f4f641165	https://observation.org/observation/295862553	Animalia	Chordata	Mammalia	Carnivora	Mustelidae	Meles	Meles meles		SPECIES	Meles meles (Linnaeus, 1758)	Meles meles		DE	Hamburg	Hamburg	PRESENT	1	c8d737e0-2ff8-42e8-b8fc-6b805d26fc5f	53.728003	10.170652	7.0						2023-09-03	3	9	2023	2433875	2433875	HUMAN_OBSERVATION		Observations	OBS.295862553				CC_BY_NC_4_0	Stichting Observation International	User 861479			2024-06-18T20:30:24.366Z	StillImage	COORDINATE_ROUNDED;OCCURRENCE_STATUS_INFERRED_FROM_INDIVIDUAL_COUNT
4887201946	8a863029-f435-446a-821e-275f4f641165	https://observation.org/observation/298379567	Animalia	Chordata	Mammalia	Carnivora	Mustelidae	Meles	Meles meles		SPECIES	Meles meles (Linnaeus, 1758)	Meles meles		DE	RD Rendsburg-Eckernförde (Landkreis)	Schleswig-Holstein	PRESENT	1	c8d737e0-2ff8-42e8-b8fc-6b805d26fc5f	54.311253	9.931742							2023-12-18	18	12	2023	2433875	2433875	HUMAN_OBSERVATION		Observations	OBS.298379567				CC_BY_NC_4_0	Stichting Observation International	User 398961			2024-06-18T20:41:36.862Z	StillImage	COORDINATE_ROUNDED;OCCURRENCE_STATUS_INFERRED_FROM_INDIVIDUAL_COUNT
4885790410	8a863029-f435-446a-821e-275f4f641165	https://observation.org/observation/294175216	Animalia	Chordata	Mammalia	Carnivora	Mustelidae	Meles	Meles meles		SPECIES	Meles meles (Linnaeus, 1758)	Meles meles		DE	DH Diepholz (Landkreis)	Niedersachsen	PRESENT	1	c8d737e0-2ff8-42e8-b8fc-6b805d26fc5f	52.999753	8.897711							2023-06-26	26	6	2023	2433875	2433875	HUMAN_OBSERVATION		Observations	OBS.294175216				CC_BY_NC_4_0	Stichting Observation International	User 926642			2024-06-18T20:30:12.255Z	StillImage	COORDINATE_ROUNDED;OCCURRENCE_STATUS_INFERRED_FROM_INDIVIDUAL_COUNT
4885655213	8a863029-f435-446a-821e-275f4f641165	https://observation.org/observation/294799818	Animalia	Chordata	Mammalia	Carnivora	Mustelidae	Meles	Meles meles		SPECIES	Meles meles (Linnaeus, 1758)	Meles meles		DE	WB Wittenberg (Landkreis)	Sachsen-Anhalt	PRESENT	1	c8d737e0-2ff8-42e8-b8fc-6b805d26fc5f	51.852704	12.772386	10.0						2023-12-18	18	12	2023	2433875	2433875	HUMAN_OBSERVATION		Observations	OBS.294799818				CC_BY_NC_4_0	Stichting Observation International	User 827538			2024-06-18T20:40:47.208Z	StillImage	COORDINATE_ROUNDED;OCCURRENCE_STATUS_INFERRED_FROM_INDIVIDUAL_COUNT
4884710209	8a863029-f435-446a-821e-275f4f641165	https://observation.org/observation/294401371	Animalia	Chordata	Mammalia	Carnivora	Mustelidae	Meles	Meles meles		SPECIES	Meles meles (Linnaeus, 1758)	Meles meles		DE	HF Herford (Kreis)	Nordrhein-Westfalen	PRESENT	1	c8d737e0-2ff8-42e8-b8fc-6b805d26fc5f	52.163068	8.816613	4.0						2023-12-10	10	12	2023	2433875	2433875	HUMAN_OBSERVATION		Observations	OBS.294401371				CC_BY_NC_4_0	Stichting Observation International	User 871209			2024-06-18T20:41:07.114Z	StillImage	COORDINATE_ROUNDED;OCCURRENCE_STATUS_INFERRED_FROM_INDIVIDUAL_COUNT
4534943872	aa6c5ee6-d4d7-4a65-a04f-379cffbf4842	aec1451d-75d5-5b2f-8416-4f3722970a4e	Animalia	Chordata	Mammalia	Carnivora	Mustelidae	Meles	Meles meles		SPECIES	Meles meles (Linnaeus, 1758)	Meles meles		DE			PRESENT		2754e9c0-0e43-4f65-968a-6f16b9c378ce	52.604055	13.239535							2023-06-14	14	6	2023	2433875	2433875	HUMAN_OBSERVATION	https://artenfinder.net	artenfinder	aec1451d-75d5-5b2f-8416-4f3722970a4e			2023-06-24T16:01:52	CC0_1_0					2024-07-23T00:38:44.232Z		COUNTRY_DERIVED_FROM_COORDINATES;CONTINENT_DERIVED_FROM_COORDINATES
4534919629	aa6c5ee6-d4d7-4a65-a04f-379cffbf4842	a83ef9bc-d1f9-56e1-b1d7-b9cda938aa55	Animalia	Chordata	Mammalia	Carnivora	Mustelidae	Meles	Meles meles		SPECIES	Meles meles (Linnaeus, 1758)	Meles meles		DE			PRESENT		2754e9c0-0e43-4f65-968a-6f16b9c378ce	52.484768	13.171361							2023-04-08	8	4	2023	2433875	2433875	HUMAN_OBSERVATION	https://artenfinder.net	artenfinder	a83ef9bc-d1f9-56e1-b1d7-b9cda938aa55			2023-04-19T18:22:43	CC0_1_0					2024-07-23T00:38:40.017Z		COUNTRY_DERIVED_FROM_COORDINATES;CONTINENT_DERIVED_FROM_COORDINATES
4534850149	aa6c5ee6-d4d7-4a65-a04f-379cffbf4842	94bfea0e-e016-50e8-ac8a-3ddab3209e28	Animalia	Chordata	Mammalia	Carnivora	Mustelidae	Meles	Meles meles		SPECIES	Meles meles (Linnaeus, 1758)	Meles meles		DE			PRESENT		2754e9c0-0e43-4f65-968a-6f16b9c378ce	52.484768	13.171361							2023-03-31	31	3	2023	2433875	2433875	HUMAN_OBSERVATION	https://artenfinder.net	artenfinder	94bfea0e-e016-50e8-ac8a-3ddab3209e28			2023-04-19T18:22:42	CC0_1_0					2024-07-23T00:38:36.280Z		COUNTRY_DERIVED_FROM_COORDINATES;CONTINENT_DERIVED_FROM_COORDINATES
4534843797	aa6c5ee6-d4d7-4a65-a04f-379cffbf4842	6149b82c-04f3-5f60-9112-3a73f0086d67	Animalia	Chordata	Mammalia	Carnivora	Mustelidae	Meles	Meles meles		SPECIES	Meles meles (Linnaeus, 1758)	Meles meles		DE			PRESENT		2754e9c0-0e43-4f65-968a-6f16b9c378ce	52.422853	13.616082							2023-12-08	8	12	2023	2433875	2433875	HUMAN_OBSERVATION	https://artenfinder.net	artenfinder	6149b82c-04f3-5f60-9112-3a73f0086d67			2024-01-12T13:41:23	CC0_1_0					2024-07-23T00:38:22.628Z		COUNTRY_DERIVED_FROM_COORDINATES;CONTINENT_DERIVED_FROM_COORDINATES
4534820466	aa6c5ee6-d4d7-4a65-a04f-379cffbf4842	5a3e3790-716c-5af0-8f97-15778c06a284	Animalia	Chordata	Mammalia	Carnivora	Mustelidae	Meles	Meles meles		SPECIES	Meles meles (Linnaeus, 1758)	Meles meles		DE			PRESENT		2754e9c0-0e43-4f65-968a-6f16b9c378ce	52.490377	13.163214							2023-02-09	9	2	2023	2433875	2433875	HUMAN_OBSERVATION	https://artenfinder.net	artenfinder	5a3e3790-716c-5af0-8f97-15778c06a284			2023-02-11T12:18:52	CC0_1_0					2024-07-23T00:38:20.525Z		COUNTRY_DERIVED_FROM_COORDINATES;CONTINENT_DERIVED_FROM_COORDINATES
4534801107	aa6c5ee6-d4d7-4a65-a04f-379cffbf4842	8ad33440-1c90-5d57-af82-28e75cdb5bdd	Animalia	Chordata	Mammalia	Carnivora	Mustelidae	Meles	Meles meles		SPECIES	Meles meles (Linnaeus, 1758)	Meles meles		DE			PRESENT		2754e9c0-0e43-4f65-968a-6f16b9c378ce	52.493799	13.568936							2023-03-21	21	3	2023	2433875	2433875	HUMAN_OBSERVATION	https://artenfinder.net	artenfinder	8ad33440-1c90-5d57-af82-28e75cdb5bdd			2023-04-17T19:20:46	CC0_1_0					2024-07-23T00:38:32.974Z		COUNTRY_DERIVED_FROM_COORDINATES;CONTINENT_DERIVED_FROM_COORDINATES
4534737101	aa6c5ee6-d4d7-4a65-a04f-379cffbf4842	784defbc-b9b0-5c3a-bad1-f2a3a7fb45c6	Animalia	Chordata	Mammalia	Carnivora	Mustelidae	Meles	Meles meles		SPECIES	Meles meles (Linnaeus, 1758)	Meles meles		DE			PRESENT		2754e9c0-0e43-4f65-968a-6f16b9c378ce	52.573575	13.174556							2023-04-05	5	4	2023	2433875	2433875	HUMAN_OBSERVATION	https://artenfinder.net	artenfinder	784defbc-b9b0-5c3a-bad1-f2a3a7fb45c6			2023-04-07T10:32:16	CC0_1_0					2024-07-23T00:38:28.416Z		COUNTRY_DERIVED_FROM_COORDINATES;CONTINENT_DERIVED_FROM_COORDINATES
4534667400	aa6c5ee6-d4d7-4a65-a04f-379cffbf4842	fff93589-f5b4-56b3-bf42-5ae9d0941421	Animalia	Chordata	Mammalia	Carnivora	Mustelidae	Meles	Meles meles		SPECIES	Meles meles (Linnaeus, 1758)	Meles meles		DE			PRESENT		2754e9c0-0e43-4f65-968a-6f16b9c378ce	52.468921	13.325479							2023-04-10	10	4	2023	2433875	2433875	HUMAN_OBSERVATION	https://artenfinder.net	artenfinder	fff93589-f5b4-56b3-bf42-5ae9d0941421			2023-04-19T18:22:42	CC0_1_0					2024-07-23T00:39:03.585Z		COUNTRY_DERIVED_FROM_COORDINATES;CONTINENT_DERIVED_FROM_COORDINATES
4534657023	aa6c5ee6-d4d7-4a65-a04f-379cffbf4842	66682195-148e-5e49-926c-e72c854805f2	Animalia	Chordata	Mammalia	Carnivora	Mustelidae	Meles	Meles meles		SPECIES	Meles meles (Linnaeus, 1758)	Meles meles		DE			PRESENT		2754e9c0-0e43-4f65-968a-6f16b9c378ce	52.557314	13.378544							2023-05-30	30	5	2023	2433875	2433875	HUMAN_OBSERVATION	https://artenfinder.net	artenfinder	66682195-148e-5e49-926c-e72c854805f2			2023-06-14T18:20:32	CC0_1_0					2024-07-23T00:38:23.901Z		COUNTRY_DERIVED_FROM_COORDINATES;CONTINENT_DERIVED_FROM_COORDINATES
4534656059	aa6c5ee6-d4d7-4a65-a04f-379cffbf4842	63e49d7b-f7ff-51f5-8139-c1a346a69623	Animalia	Chordata	Mammalia	Carnivora	Mustelidae	Meles	Meles meles		SPECIES	Meles meles (Linnaeus, 1758)	Meles meles		DE			PRESENT		2754e9c0-0e43-4f65-968a-6f16b9c378ce	52.491457	13.477849							2023-03-14	14	3	2023	2433875	2433875	HUMAN_OBSERVATION	https://artenfinder.net	artenfinder	63e49d7b-f7ff-51f5-8139-c1a346a69623			2023-04-07T10:32:16	CC0_1_0					2024-07-23T00:38:23.951Z		COUNTRY_DERIVED_FROM_COORDINATES;CONTINENT_DERIVED_FROM_COORDINATES
4534605848	aa6c5ee6-d4d7-4a65-a04f-379cffbf4842	5afe13d8-ca58-53e0-b067-9df45d5993b2	Animalia	Chordata	Mammalia	Carnivora	Mustelidae	Meles	Meles meles		SPECIES	Meles meles (Linnaeus, 1758)	Meles meles		DE			PRESENT		2754e9c0-0e43-4f65-968a-6f16b9c378ce	52.565725	13.291004							2023-06-01	1	6	2023	2433875	2433875	HUMAN_OBSERVATION	https://artenfinder.net	artenfinder	5afe13d8-ca58-53e0-b067-9df45d5993b2			2023-06-14T18:07:23	CC0_1_0					2024-07-23T00:38:20.679Z		COUNTRY_DERIVED_FROM_COORDINATES;CONTINENT_DERIVED_FROM_COORDINATES
4534545970	aa6c5ee6-d4d7-4a65-a04f-379cffbf4842	4b38378d-dd09-5189-b98e-3873685e0d33	Animalia	Chordata	Mammalia	Carnivora	Mustelidae	Meles	Meles meles		SPECIES	Meles meles (Linnaeus, 1758)	Meles meles		DE			PRESENT		2754e9c0-0e43-4f65-968a-6f16b9c378ce	53.528778	12.453099							2023-06-06	6	6	2023	2433875	2433875	HUMAN_OBSERVATION	https://artenfinder.net	artenfinder	4b38378d-dd09-5189-b98e-3873685e0d33			2023-06-18T08:45:27	CC0_1_0					2024-07-23T00:38:14.031Z		COUNTRY_DERIVED_FROM_COORDINATES;CONTINENT_DERIVED_FROM_COORDINATES
4534461526	aa6c5ee6-d4d7-4a65-a04f-379cffbf4842	37aef8d4-ab65-50b3-8ac9-732ec8cb5b69	Animalia	Chordata	Mammalia	Carnivora	Mustelidae	Meles	Meles meles		SPECIES	Meles meles (Linnaeus, 1758)	Meles meles		DE			PRESENT		2754e9c0-0e43-4f65-968a-6f16b9c378ce	52.523097	13.141295							2023-03-05	5	3	2023	2433875	2433875	HUMAN_OBSERVATION	https://artenfinder.net	artenfinder	37aef8d4-ab65-50b3-8ac9-732ec8cb5b69			2023-03-14T07:38:56	CC0_1_0					2024-07-23T00:38:01.498Z		COUNTRY_DERIVED_FROM_COORDINATES;CONTINENT_DERIVED_FROM_COORDINATES
4534439330	aa6c5ee6-d4d7-4a65-a04f-379cffbf4842	ff9aac07-8971-50a0-b7e8-72eb6c39b66f	Animalia	Chordata	Mammalia	Carnivora	Mustelidae	Meles	Meles meles		SPECIES	Meles meles (Linnaeus, 1758)	Meles meles		DE			PRESENT		2754e9c0-0e43-4f65-968a-6f16b9c378ce	52.518744	13.147418							2023-04-12	12	4	2023	2433875	2433875	HUMAN_OBSERVATION	https://artenfinder.net	artenfinder	ff9aac07-8971-50a0-b7e8-72eb6c39b66f			2023-05-09T20:19:40	CC0_1_0					2024-07-23T00:39:02.843Z		COUNTRY_DERIVED_FROM_COORDINATES;CONTINENT_DERIVED_FROM_COORDINATES
4534426195	aa6c5ee6-d4d7-4a65-a04f-379cffbf4842	32e4c3a8-0f05-5742-a05e-66932387ac38	Animalia	Chordata	Mammalia	Carnivora	Mustelidae	Meles	Meles meles		SPECIES	Meles meles (Linnaeus, 1758)	Meles meles		DE			PRESENT		2754e9c0-0e43-4f65-968a-6f16b9c378ce	52.607143	13.287877							2023-03-29	29	3	2023	2433875	2433875	HUMAN_OBSERVATION	https://artenfinder.net	artenfinder	32e4c3a8-0f05-5742-a05e-66932387ac38			2023-05-09T20:19:40	CC0_1_0					2024-07-23T00:37:59.644Z		COUNTRY_DERIVED_FROM_COORDINATES;CONTINENT_DERIVED_FROM_COORDINATES
4534414574	aa6c5ee6-d4d7-4a65-a04f-379cffbf4842	2fcf4981-a6b2-5090-a806-288e459a99a0	Animalia	Chordata	Mammalia	Carnivora	Mustelidae	Meles	Meles meles		SPECIES	Meles meles (Linnaeus, 1758)	Meles meles		DE			PRESENT		2754e9c0-0e43-4f65-968a-6f16b9c378ce	52.57788	13.210703							2023-10-08	8	10	2023	2433875	2433875	HUMAN_OBSERVATION	https://artenfinder.net	artenfinder	2fcf4981-a6b2-5090-a806-288e459a99a0			2023-11-08T20:25:37	CC0_1_0					2024-07-23T00:37:57.378Z		COUNTRY_DERIVED_FROM_COORDINATES;CONTINENT_DERIVED_FROM_COORDINATES
4534410628	aa6c5ee6-d4d7-4a65-a04f-379cffbf4842	2d9234c4-6110-50dc-b82c-f31ad705aae7	Animalia	Chordata	Mammalia	Carnivora	Mustelidae	Meles	Meles meles		SPECIES	Meles meles (Linnaeus, 1758)	Meles meles		DE			PRESENT		2754e9c0-0e43-4f65-968a-6f16b9c378ce	52.563277	13.201004							2023-05-21	21	5	2023	2433875	2433875	HUMAN_OBSERVATION	https://artenfinder.net	artenfinder	2d9234c4-6110-50dc-b82c-f31ad705aae7			2023-06-14T17:54:16	CC0_1_0					2024-07-23T00:37:56.544Z		COUNTRY_DERIVED_FROM_COORDINATES;CONTINENT_DERIVED_FROM_COORDINATES
4534317082	aa6c5ee6-d4d7-4a65-a04f-379cffbf4842	e970f425-b5d7-5b24-a278-7bd44803b140	Animalia	Chordata	Mammalia	Carnivora	Mustelidae	Meles	Meles meles		SPECIES	Meles meles (Linnaeus, 1758)	Meles meles		DE			PRESENT		2754e9c0-0e43-4f65-968a-6f16b9c378ce	52.577815	13.210742							2023-12-25	25	12	2023	2433875	2433875	HUMAN_OBSERVATION	https://artenfinder.net	artenfinder	e970f425-b5d7-5b24-a278-7bd44803b140			2024-01-12T13:46:45	CC0_1_0					2024-07-23T00:38:59.382Z		COUNTRY_DERIVED_FROM_COORDINATES;CONTINENT_DERIVED_FROM_COORDINATES
4534316175	aa6c5ee6-d4d7-4a65-a04f-379cffbf4842	1c6fd12f-a0c6-5877-83fd-3e98815338d4	Animalia	Chordata	Mammalia	Carnivora	Mustelidae	Meles	Meles meles		SPECIES	Meles meles (Linnaeus, 1758)	Meles meles		DE			PRESENT		2754e9c0-0e43-4f65-968a-6f16b9c378ce	52.548442	13.278303							2023-07-21	21	7	2023	2433875	2433875	HUMAN_OBSERVATION	https://artenfinder.net	artenfinder	1c6fd12f-a0c6-5877-83fd-3e98815338d4			2023-07-23T15:01:52	CC0_1_0					2024-07-23T00:37:42.086Z		COUNTRY_DERIVED_FROM_COORDINATES;CONTINENT_DERIVED_FROM_COORDINATES
4534245650	aa6c5ee6-d4d7-4a65-a04f-379cffbf4842	da3d87be-0c95-5e16-a954-533adc931593	Animalia	Chordata	Mammalia	Carnivora	Mustelidae	Meles	Meles meles		SPECIES	Meles meles (Linnaeus, 1758)	Meles meles		DE			PRESENT		2754e9c0-0e43-4f65-968a-6f16b9c378ce	52.581407	13.199566							2023-04-05	5	4	2023	2433875	2433875	HUMAN_OBSERVATION	https://artenfinder.net	artenfinder	da3d87be-0c95-5e16-a954-533adc931593			2023-04-07T10:32:16	CC0_1_0					2024-07-23T00:38:55.691Z		COUNTRY_DERIVED_FROM_COORDINATES;CONTINENT_DERIVED_FROM_COORDINATES
4534198658	aa6c5ee6-d4d7-4a65-a04f-379cffbf4842	02a4238e-8129-5009-a15f-ff138c53d3ef	Animalia	Chordata	Mammalia	Carnivora	Mustelidae	Meles	Meles meles		SPECIES	Meles meles (Linnaeus, 1758)	Meles meles		DE			PRESENT		2754e9c0-0e43-4f65-968a-6f16b9c378ce	52.554951	13.328166							2023-09-16	16	9	2023	2433875	2433875	HUMAN_OBSERVATION	https://artenfinder.net	artenfinder	02a4238e-8129-5009-a15f-ff138c53d3ef			2023-09-20T06:44:14	CC0_1_0					2024-07-23T00:37:15.455Z		COUNTRY_DERIVED_FROM_COORDINATES;CONTINENT_DERIVED_FROM_COORDINATES
4534197025	aa6c5ee6-d4d7-4a65-a04f-379cffbf4842	d0d26a94-0ab8-5f25-bd59-322298e22d77	Animalia	Chordata	Mammalia	Carnivora	Mustelidae	Meles	Meles meles		SPECIES	Meles meles (Linnaeus, 1758)	Meles meles		DE			PRESENT		2754e9c0-0e43-4f65-968a-6f16b9c378ce	52.566428	13.242632							2023-12-27	27	12	2023	2433875	2433875	HUMAN_OBSERVATION	https://artenfinder.net	artenfinder	d0d26a94-0ab8-5f25-bd59-322298e22d77			2024-02-03T13:56:46	CC0_1_0					2024-07-23T00:38:54.221Z		COUNTRY_DERIVED_FROM_COORDINATES;CONTINENT_DERIVED_FROM_COORDINATES
4526687621	6ac3f774-d9fb-4796-b3e9-92bf6c81c084		Animalia	Chordata	Mammalia	Carnivora	Mustelidae	Meles	Meles meles		SPECIES	Meles meles (Linnaeus, 1758)	Meles meles		DE	Melgershäuser Feldflur, mit angrenzendem Wald		PRESENT		bb646dff-a905-4403-a49b-6d378c2cf0d9	51.141582	9.497343	250.0						2023-12-03T00:00	3	12	2023	2433875	2433875	HUMAN_OBSERVATION	naturgucker	naturgucker	1340083223				CC_BY_4_0		721850313			2024-03-15T23:21:52.402Z		COORDINATE_ROUNDED;GEODETIC_DATUM_ASSUMED_WGS84;CONTINENT_DERIVED_FROM_COORDINATES;MULTIMEDIA_URI_INVALID
4462333619	8a863029-f435-446a-821e-275f4f641165	https://observation.org/observation/288730016	Animalia	Chordata	Mammalia	Carnivora	Mustelidae	Meles	Meles meles		SPECIES	Meles meles (Linnaeus, 1758)	Meles meles		DE	PLÖ Plön (Landkreis)	Schleswig-Holstein	PRESENT	1	c8d737e0-2ff8-42e8-b8fc-6b805d26fc5f	54.372446	10.268586							2023-09-24	24	9	2023	2433875	2433875	HUMAN_OBSERVATION		Observations	OBS.288730016				CC_BY_NC_4_0	Stichting Observation International	User 197440			2024-06-18T20:29:58.092Z	StillImage	COORDINATE_ROUNDED;OCCURRENCE_STATUS_INFERRED_FROM_INDIVIDUAL_COUNT
4461964742	8a863029-f435-446a-821e-275f4f641165	https://observation.org/observation/292694672	Animalia	Chordata	Mammalia	Carnivora	Mustelidae	Meles	Meles meles		SPECIES	Meles meles (Linnaeus, 1758)	Meles meles		DE	WL Harburg (Landkreis)	Niedersachsen	PRESENT	1	c8d737e0-2ff8-42e8-b8fc-6b805d26fc5f	53.220093	10.195005	95.0						2023-11-10	10	11	2023	2433875	2433875	HUMAN_OBSERVATION		Observations	OBS.292694672				CC_BY_NC_4_0	Stichting Observation International	User 418958			2024-06-18T20:30:01.596Z	StillImage	COORDINATE_ROUNDED;OCCURRENCE_STATUS_INFERRED_FROM_INDIVIDUAL_COUNT
4461648312	8a863029-f435-446a-821e-275f4f641165	https://observation.org/observation/270780515	Animalia	Chordata	Mammalia	Carnivora	Mustelidae	Meles	Meles meles		SPECIES	Meles meles (Linnaeus, 1758)	Meles meles		DE	OS Osnabrück (Landkreis)	Niedersachsen	PRESENT	1	c8d737e0-2ff8-42e8-b8fc-6b805d26fc5f	52.337714	8.073947							2023-05-07	7	5	2023	2433875	2433875	HUMAN_OBSERVATION		Observations	OBS.270780515				CC_BY_NC_4_0	Stichting Observation International	User 160086			2024-06-18T20:39:40.200Z	StillImage	COORDINATE_ROUNDED;OCCURRENCE_STATUS_INFERRED_FROM_INDIVIDUAL_COUNT
4461608670	8a863029-f435-446a-821e-275f4f641165	https://observation.org/observation/292571221	Animalia	Chordata	Mammalia	Carnivora	Mustelidae	Meles	Meles meles		SPECIES	Meles meles (Linnaeus, 1758)	Meles meles		DE	Berlin	Berlin	PRESENT	1	c8d737e0-2ff8-42e8-b8fc-6b805d26fc5f	52.556392	13.380654							2023-11-07	7	11	2023	2433875	2433875	HUMAN_OBSERVATION		Observations	OBS.292571221				CC_BY_NC_4_0	Stichting Observation International	User 201495			2024-06-18T20:30:14.246Z	StillImage	COORDINATE_ROUNDED;OCCURRENCE_STATUS_INFERRED_FROM_INDIVIDUAL_COUNT
4461540484	8a863029-f435-446a-821e-275f4f641165	https://observation.org/observation/282868188	Animalia	Chordata	Mammalia	Carnivora	Mustelidae	Meles	Meles meles		SPECIES	Meles meles (Linnaeus, 1758)	Meles meles		DE	HSK Hochsauerlandkreis (Kreis)	Nordrhein-Westfalen	PRESENT	1	c8d737e0-2ff8-42e8-b8fc-6b805d26fc5f	51.152517	8.607641	25.0						2023-08-02	2	8	2023	2433875	2433875	HUMAN_OBSERVATION		Observations	OBS.282868188				CC_BY_NC_4_0	Stichting Observation International	User 384190			2024-06-18T20:29:40.922Z	StillImage	COORDINATE_ROUNDED;OCCURRENCE_STATUS_INFERRED_FROM_INDIVIDUAL_COUNT
4461465914	8a863029-f435-446a-821e-275f4f641165	https://observation.org/observation/280505388	Animalia	Chordata	Mammalia	Carnivora	Mustelidae	Meles	Meles meles		SPECIES	Meles meles (Linnaeus, 1758)	Meles meles		DE	TF Teltow-Fläming (Landkreis)	Brandenburg	PRESENT	1	c8d737e0-2ff8-42e8-b8fc-6b805d26fc5f	52.090008	13.036309	10.0						2023-07-15	15	7	2023	2433875	2433875	HUMAN_OBSERVATION		Observations	OBS.280505388				CC_BY_NC_4_0	Stichting Observation International	User 860677			2024-06-18T20:41:20.834Z	StillImage	COORDINATE_ROUNDED;OCCURRENCE_STATUS_INFERRED_FROM_INDIVIDUAL_COUNT
4461439732	8a863029-f435-446a-821e-275f4f641165	https://observation.org/observation/284156262	Animalia	Chordata	Mammalia	Carnivora	Mustelidae	Meles	Meles meles		SPECIES	Meles meles (Linnaeus, 1758)	Meles meles		DE	Aller (mit Barnbruch), untere Leine, untere Oker - N2000	Niedersachsen	PRESENT	1	c8d737e0-2ff8-42e8-b8fc-6b805d26fc5f	52.647125	9.982357	6.0						2023-08-13	13	8	2023	2433875	2433875	HUMAN_OBSERVATION		Observations	OBS.284156262				CC_BY_NC_4_0	Stichting Observation International	User 828362			2024-06-18T20:40:04.910Z	StillImage	COORDINATE_ROUNDED;OCCURRENCE_STATUS_INFERRED_FROM_INDIVIDUAL_COUNT
4461256655	8a863029-f435-446a-821e-275f4f641165	https://observation.org/observation/292098501	Animalia	Chordata	Mammalia	Carnivora	Mustelidae	Meles	Meles meles		SPECIES	Meles meles (Linnaeus, 1758)	Meles meles		DE	ESW Werra-Meißner-Kreis (Landkreis)	Hessen	PRESENT	1	c8d737e0-2ff8-42e8-b8fc-6b805d26fc5f	51.081636	10.01318	120.0						2023-10-31	31	10	2023	2433875	2433875	HUMAN_OBSERVATION		Observations	OBS.292098501				CC_BY_NC_4_0	Stichting Observation International	User 731060			2024-06-18T20:30:03.088Z	StillImage	COORDINATE_ROUNDED;OCCURRENCE_STATUS_INFERRED_FROM_INDIVIDUAL_COUNT
4461200509	8a863029-f435-446a-821e-275f4f641165	https://observation.org/observation/283929452	Animalia	Chordata	Mammalia	Carnivora	Mustelidae	Meles	Meles meles		SPECIES	Meles meles (Linnaeus, 1758)	Meles meles		DE	HF Herford (Kreis)	Nordrhein-Westfalen	PRESENT	1	c8d737e0-2ff8-42e8-b8fc-6b805d26fc5f	52.152778	8.725278							2023-08-09	9	8	2023	2433875	2433875	HUMAN_OBSERVATION		Observations	OBS.283929452				CC_BY_NC_4_0	Stichting Observation International	User 399708			2024-06-18T20:39:54.193Z	StillImage	COORDINATE_ROUNDED;OCCURRENCE_STATUS_INFERRED_FROM_INDIVIDUAL_COUNT
4460902034	8a863029-f435-446a-821e-275f4f641165	https://observation.org/observation/282494484	Animalia	Chordata	Mammalia	Carnivora	Mustelidae	Meles	Meles meles		SPECIES	Meles meles (Linnaeus, 1758)	Meles meles		DE	Uecker-Randow (Landkreis)	Mecklenburg-Vorpommern	PRESENT	1	c8d737e0-2ff8-42e8-b8fc-6b805d26fc5f	53.720844	14.188263	14.0						2023-07-30	30	7	2023	2433875	2433875	HUMAN_OBSERVATION		Observations	OBS.282494484				CC_BY_NC_4_0	Stichting Observation International	User 733091			2024-06-18T20:29:33.149Z	StillImage	COORDINATE_ROUNDED;OCCURRENCE_STATUS_INFERRED_FROM_INDIVIDUAL_COUNT
4460893811	8a863029-f435-446a-821e-275f4f641165	https://observation.org/observation/266531171	Animalia	Chordata	Mammalia	Carnivora	Mustelidae	Meles	Meles meles		SPECIES	Meles meles (Linnaeus, 1758)	Meles meles		DE	Wälder und Kalkmagerrasen der Ringgau Südabdachung - N2000	Hessen	PRESENT	1	c8d737e0-2ff8-42e8-b8fc-6b805d26fc5f	51.025228	10.028629	30.0						2023-04-02	2	4	2023	2433875	2433875	HUMAN_OBSERVATION		Observations	OBS.266531171				CC_BY_NC_4_0	Stichting Observation International	User 731060			2024-06-18T20:28:14.011Z	StillImage	COORDINATE_ROUNDED;OCCURRENCE_STATUS_INFERRED_FROM_INDIVIDUAL_COUNT
4460873875	8a863029-f435-446a-821e-275f4f641165	https://observation.org/observation/290622609	Animalia	Chordata	Mammalia	Carnivora	Mustelidae	Meles	Meles meles		SPECIES	Meles meles (Linnaeus, 1758)	Meles meles		DE	Lüneburger Heide - N2000	Niedersachsen	PRESENT	1	c8d737e0-2ff8-42e8-b8fc-6b805d26fc5f	53.125987	9.804422							2023-10-14	14	10	2023	2433875	2433875	HUMAN_OBSERVATION		Observations	OBS.290622609				CC_BY_NC_4_0	Stichting Observation International	User 901027			2024-06-18T20:40:51.643Z	StillImage	COORDINATE_ROUNDED;OCCURRENCE_STATUS_INFERRED_FROM_INDIVIDUAL_COUNT
4460630718	8a863029-f435-446a-821e-275f4f641165	https://observation.org/observation/288967822	Animalia	Chordata	Mammalia	Carnivora	Mustelidae	Meles	Meles meles		SPECIES	Meles meles (Linnaeus, 1758)	Meles meles		DE	Weißeritzkreis (ehem. Landkreis)	Sachsen	PRESENT	1	c8d737e0-2ff8-42e8-b8fc-6b805d26fc5f	50.93932	13.655168							2023-09-25	25	9	2023	2433875	2433875	HUMAN_OBSERVATION		Observations	OBS.288967822				CC_BY_NC_4_0	Stichting Observation International	User 822743			2024-06-18T20:29:50.521Z	StillImage	COORDINATE_ROUNDED;OCCURRENCE_STATUS_INFERRED_FROM_INDIVIDUAL_COUNT
4460577698	8a863029-f435-446a-821e-275f4f641165	https://observation.org/observation/288274956	Animalia	Chordata	Mammalia	Carnivora	Mustelidae	Meles	Meles meles		SPECIES	Meles meles (Linnaeus, 1758)	Meles meles		DE	HF Herford (Kreis)	Nordrhein-Westfalen	PRESENT	1	c8d737e0-2ff8-42e8-b8fc-6b805d26fc5f	52.16	8.728889							2023-09-16	16	9	2023	2433875	2433875	HUMAN_OBSERVATION		Observations	OBS.288274956				CC_BY_NC_4_0	Stichting Observation International	User 399708			2024-06-18T20:40:18.315Z	StillImage	COORDINATE_ROUNDED;OCCURRENCE_STATUS_INFERRED_FROM_INDIVIDUAL_COUNT
4460562220	8a863029-f435-446a-821e-275f4f641165	https://observation.org/observation/289527705	Animalia	Chordata	Mammalia	Carnivora	Mustelidae	Meles	Meles meles		SPECIES	Meles meles (Linnaeus, 1758)	Meles meles		DE	Bördekreis (ehem. Landkreis)	Sachsen-Anhalt	PRESENT	1	c8d737e0-2ff8-42e8-b8fc-6b805d26fc5f	52.186122	11.0902							2023-10-02	2	10	2023	2433875	2433875	HUMAN_OBSERVATION		Observations	OBS.289527705				CC_BY_NC_4_0	Stichting Observation International	User 780815			2024-06-18T20:40:33.360Z	StillImage	COORDINATE_ROUNDED;OCCURRENCE_STATUS_INFERRED_FROM_INDIVIDUAL_COUNT
4460416412	8a863029-f435-446a-821e-275f4f641165	https://observation.org/observation/280900697	Animalia	Chordata	Mammalia	Carnivora	Mustelidae	Meles	Meles meles		SPECIES	Meles meles (Linnaeus, 1758)	Meles meles		DE	Güstrow (Landkreis)	Mecklenburg-Vorpommern	PRESENT	1	c8d737e0-2ff8-42e8-b8fc-6b805d26fc5f	53.736481	12.616512	4.0						2023-07-18	18	7	2023	2433875	2433875	HUMAN_OBSERVATION		Observations	OBS.280900697				CC_BY_NC_4_0	Stichting Observation International	User 782062			2024-06-18T20:29:21.844Z	StillImage	COORDINATE_ROUNDED;OCCURRENCE_STATUS_INFERRED_FROM_INDIVIDUAL_COUNT
4460401047	8a863029-f435-446a-821e-275f4f641165	https://observation.org/observation/271246661	Animalia	Chordata	Mammalia	Carnivora	Mustelidae	Meles	Meles meles		SPECIES	Meles meles (Linnaeus, 1758)	Meles meles		DE	LG Bleckede	Niedersachsen	PRESENT	1	c8d737e0-2ff8-42e8-b8fc-6b805d26fc5f	53.346379	10.734125							2023-05-11	11	5	2023	2433875	2433875	HUMAN_OBSERVATION		Observations	OBS.271246661				CC_BY_NC_4_0	Stichting Observation International	User 84702			2024-06-18T20:39:43.449Z		COORDINATE_ROUNDED;OCCURRENCE_STATUS_INFERRED_FROM_INDIVIDUAL_COUNT
4460258859	8a863029-f435-446a-821e-275f4f641165	https://observation.org/observation/289117813	Animalia	Chordata	Mammalia	Carnivora	Mustelidae	Meles	Meles meles		SPECIES	Meles meles (Linnaeus, 1758)	Meles meles		DE	HL Lübeck (Kreisfreie Stadt)	Schleswig-Holstein	PRESENT	1	c8d737e0-2ff8-42e8-b8fc-6b805d26fc5f	53.833061	10.702416							2023-09-28	28	9	2023	2433875	2433875	HUMAN_OBSERVATION		Observations	OBS.289117813				CC_BY_NC_4_0	Stichting Observation International	User 775295			2024-06-18T20:41:50.077Z	StillImage	COORDINATE_ROUNDED;OCCURRENCE_STATUS_INFERRED_FROM_INDIVIDUAL_COUNT
4460207823	8a863029-f435-446a-821e-275f4f641165	https://observation.org/observation/291416345	Animalia	Chordata	Mammalia	Carnivora	Mustelidae	Meles	Meles meles		SPECIES	Meles meles (Linnaeus, 1758)	Meles meles		DE	DAN Lüchow-Dannenberg (Landkreis)	Niedersachsen	PRESENT	1	c8d737e0-2ff8-42e8-b8fc-6b805d26fc5f	52.999444	11.106605	8.0						2023-10-23	23	10	2023	2433875	2433875	HUMAN_OBSERVATION		Observations	OBS.291416345				CC_BY_NC_4_0	Stichting Observation International	User 874076			2024-06-18T20:40:38.976Z	StillImage	COORDINATE_ROUNDED;OCCURRENCE_STATUS_INFERRED_FROM_INDIVIDUAL_COUNT
4460121748	8a863029-f435-446a-821e-275f4f641165	https://observation.org/observation/288980644	Animalia	Chordata	Mammalia	Carnivora	Mustelidae	Meles	Meles meles		SPECIES	Meles meles (Linnaeus, 1758)	Meles meles		DE	MR Marburg-Biedenkopf (Landkreis)	Hessen	PRESENT	1	c8d737e0-2ff8-42e8-b8fc-6b805d26fc5f	50.930939	8.743349	4.0						2023-09-26	26	9	2023	2433875	2433875	HUMAN_OBSERVATION		Observations	OBS.288980644				CC_BY_NC_4_0	Stichting Observation International	User 735110			2024-06-18T20:29:45.962Z	StillImage	COORDINATE_ROUNDED;OCCURRENCE_STATUS_INFERRED_FROM_INDIVIDUAL_COUNT
4460063501	8a863029-f435-446a-821e-275f4f641165	https://observation.org/observation/293316826	Animalia	Chordata	Mammalia	Carnivora	Mustelidae	Meles	Meles meles		SPECIES	Meles meles (Linnaeus, 1758)	Meles meles		DE	OS Hasbergen		PRESENT	1	c8d737e0-2ff8-42e8-b8fc-6b805d26fc5f	52.25	7.92	1000.0						2023-11-17	17	11	2023	2433875	2433875	HUMAN_OBSERVATION		Observations	OBS.293316826				CC_BY_NC_4_0	Stichting Observation International	User 200195			2024-06-18T20:30:10.414Z	StillImage	OCCURRENCE_STATUS_INFERRED_FROM_INDIVIDUAL_COUNT
4459759649	8a863029-f435-446a-821e-275f4f641165	https://observation.org/observation/287563219	Animalia	Chordata	Mammalia	Carnivora	Mustelidae	Meles	Meles meles		SPECIES	Meles meles (Linnaeus, 1758)	Meles meles		DE	BI Bielefeld (Kreisfreie Stadt)	Nordrhein-Westfalen	PRESENT	1	c8d737e0-2ff8-42e8-b8fc-6b805d26fc5f	51.985153	8.522922							2023-09-10	10	9	2023	2433875	2433875	HUMAN_OBSERVATION		Observations	OBS.287563219				CC_BY_NC_4_0	Stichting Observation International	User 890603			2024-06-18T20:40:51.278Z	StillImage	COORDINATE_ROUNDED;OCCURRENCE_STATUS_INFERRED_FROM_INDIVIDUAL_COUNT
4459685051	8a863029-f435-446a-821e-275f4f641165	https://observation.org/observation/284026800	Animalia	Chordata	Mammalia	Carnivora	Mustelidae	Meles	Meles meles		SPECIES	Meles meles (Linnaeus, 1758)	Meles meles		DE	P Potsdam (Kreisfreie Stadt)	Brandenburg	PRESENT	1	c8d737e0-2ff8-42e8-b8fc-6b805d26fc5f	52.464614	12.899343	7.0						2023-08-12	12	8	2023	2433875	2433875	HUMAN_OBSERVATION		Observations	OBS.284026800				CC_BY_NC_4_0	Stichting Observation International	User 47848			2024-06-18T20:40:50.976Z		COORDINATE_ROUNDED;OCCURRENCE_STATUS_INFERRED_FROM_INDIVIDUAL_COUNT
4459620744	8a863029-f435-446a-821e-275f4f641165	https://observation.org/observation/283941168	Animalia	Chordata	Mammalia	Carnivora	Mustelidae	Meles	Meles meles		SPECIES	Meles meles (Linnaeus, 1758)	Meles meles		DE	OH Ostholstein (Landkreis)	Schleswig-Holstein	PRESENT	1	c8d737e0-2ff8-42e8-b8fc-6b805d26fc5f	54.116619	10.638636							2023-08-12	12	8	2023	2433875	2433875	HUMAN_OBSERVATION		Observations	OBS.283941168				CC_BY_NC_4_0	Stichting Observation International	User 856118			2024-06-18T20:41:47.960Z	StillImage	COORDINATE_ROUNDED;OCCURRENCE_STATUS_INFERRED_FROM_INDIVIDUAL_COUNT
4459612387	8a863029-f435-446a-821e-275f4f641165	https://observation.org/observation/282472933	Animalia	Chordata	Mammalia	Carnivora	Mustelidae	Meles	Meles meles		SPECIES	Meles meles (Linnaeus, 1758)	Meles meles		DE	Tinner Dose	Niedersachsen	PRESENT	1	c8d737e0-2ff8-42e8-b8fc-6b805d26fc5f	52.793137	7.344308	5.0						2023-07-30	30	7	2023	2433875	2433875	HUMAN_OBSERVATION		Observations	OBS.282472933				CC_BY_NC_4_0	Stichting Observation International	User 462089			2024-06-18T20:29:26.757Z	StillImage	COORDINATE_ROUNDED;OCCURRENCE_STATUS_INFERRED_FROM_INDIVIDUAL_COUNT
4459507552	8a863029-f435-446a-821e-275f4f641165	https://observation.org/observation/283509535	Animalia	Chordata	Mammalia	Carnivora	Mustelidae	Meles	Meles meles		SPECIES	Meles meles (Linnaeus, 1758)	Meles meles		DE	HF Herford (Kreis)	Nordrhein-Westfalen	PRESENT	1	c8d737e0-2ff8-42e8-b8fc-6b805d26fc5f	52.141411	8.743207	29.0						2023-08-09	9	8	2023	2433875	2433875	HUMAN_OBSERVATION		Observations	OBS.283509535				CC_BY_NC_4_0	Stichting Observation International	User 143989			2024-06-18T20:29:33.878Z	StillImage	COORDINATE_ROUNDED;OCCURRENCE_STATUS_INFERRED_FROM_INDIVIDUAL_COUNT
4459475867	8a863029-f435-446a-821e-275f4f641165	https://observation.org/observation/282576283	Animalia	Chordata	Mammalia	Carnivora	Mustelidae	Meles	Meles meles		SPECIES	Meles meles (Linnaeus, 1758)	Meles meles		DE	BZ Bautzen (Landkreis)	Sachsen	PRESENT	1	c8d737e0-2ff8-42e8-b8fc-6b805d26fc5f	51.120691	14.354792	4.0						2023-07-31	31	7	2023	2433875	2433875	HUMAN_OBSERVATION		Observations	OBS.282576283				CC_BY_NC_4_0	Stichting Observation International	User 823221			2024-06-18T20:29:33.647Z	StillImage	COORDINATE_ROUNDED;OCCURRENCE_STATUS_INFERRED_FROM_INDIVIDUAL_COUNT
4459468782	8a863029-f435-446a-821e-275f4f641165	https://observation.org/observation/283608544	Animalia	Chordata	Mammalia	Carnivora	Mustelidae	Meles	Meles meles		SPECIES	Meles meles (Linnaeus, 1758)	Meles meles		DE	HF Herford (Kreis)	Nordrhein-Westfalen	PRESENT	1	c8d737e0-2ff8-42e8-b8fc-6b805d26fc5f	52.123422	8.781156							2023-08-09	9	8	2023	2433875	2433875	HUMAN_OBSERVATION		Observations	OBS.283608544				CC_BY_NC_4_0	Stichting Observation International	User 293103			2024-06-18T20:42:04.159Z	StillImage	COORDINATE_ROUNDED;OCCURRENCE_STATUS_INFERRED_FROM_INDIVIDUAL_COUNT
4454928500	6ac3f774-d9fb-4796-b3e9-92bf6c81c084		Animalia	Chordata	Mammalia	Carnivora	Mustelidae	Meles	Meles meles		SPECIES	Meles meles (Linnaeus, 1758)	Meles meles		DE	Obergeis und Umgebung		PRESENT		bb646dff-a905-4403-a49b-6d378c2cf0d9	50.901085	9.594498	250.0						2023-11-22T00:00	22	11	2023	2433875	2433875	HUMAN_OBSERVATION	naturgucker	naturgucker	914575034				CC_BY_4_0		-592484464			2024-03-15T23:20:07.780Z	StillImage	COORDINATE_ROUNDED;GEODETIC_DATUM_ASSUMED_WGS84;CONTINENT_DERIVED_FROM_COORDINATES
4454918223	6ac3f774-d9fb-4796-b3e9-92bf6c81c084		Animalia	Chordata	Mammalia	Carnivora	Mustelidae	Meles	Meles meles		SPECIES	Meles meles (Linnaeus, 1758)	Meles meles		DE	Obergeis und Umgebung		PRESENT		bb646dff-a905-4403-a49b-6d378c2cf0d9	50.901085	9.594498	250.0						2023-11-17T00:00	17	11	2023	2433875	2433875	HUMAN_OBSERVATION	naturgucker	naturgucker	-2123902961				CC_BY_4_0		-592484464			2024-03-15T23:24:11.609Z	StillImage	COORDINATE_ROUNDED;GEODETIC_DATUM_ASSUMED_WGS84;CONTINENT_DERIVED_FROM_COORDINATES
4438363303	6ac3f774-d9fb-4796-b3e9-92bf6c81c084		Animalia	Chordata	Mammalia	Carnivora	Mustelidae	Meles	Meles meles		SPECIES	Meles meles (Linnaeus, 1758)	Meles meles		DE	Obergeis und Umgebung		PRESENT		bb646dff-a905-4403-a49b-6d378c2cf0d9	50.901085	9.594498	250.0						2023-10-16T00:00	16	10	2023	2433875	2433875	HUMAN_OBSERVATION	naturgucker	naturgucker	-6706891				CC_BY_4_0		-592484464			2024-03-15T23:17:50.177Z		COORDINATE_ROUNDED;GEODETIC_DATUM_ASSUMED_WGS84;CONTINENT_DERIVED_FROM_COORDINATES;MULTIMEDIA_URI_INVALID
4438333469	6ac3f774-d9fb-4796-b3e9-92bf6c81c084		Animalia	Chordata	Mammalia	Carnivora	Mustelidae	Meles	Meles meles		SPECIES	Meles meles (Linnaeus, 1758)	Meles meles		DE	TK25 Blatt 2325/4 - Hamburg / Lokstedt / Niendorf		PRESENT		bb646dff-a905-4403-a49b-6d378c2cf0d9	53.646378	9.997492	25.0						2023-09-27T00:00	27	9	2023	2433875	2433875	HUMAN_OBSERVATION	naturgucker	naturgucker	-1632433909				CC_BY_4_0		-1048373261			2024-03-15T23:23:32.989Z		COORDINATE_ROUNDED;GEODETIC_DATUM_ASSUMED_WGS84;CONTINENT_DERIVED_FROM_COORDINATES;MULTIMEDIA_URI_INVALID
4438328702	6ac3f774-d9fb-4796-b3e9-92bf6c81c084		Animalia	Chordata	Mammalia	Carnivora	Mustelidae	Meles	Meles meles		SPECIES	Meles meles (Linnaeus, 1758)	Meles meles		DE	Rader Forst, Wiemerskamper Moor		PRESENT		bb646dff-a905-4403-a49b-6d378c2cf0d9	53.732975	10.130424	250.0						2023-10-22T00:00	22	10	2023	2433875	2433875	HUMAN_OBSERVATION	naturgucker	naturgucker	-258169526				CC_BY_4_0		1647598034			2024-03-15T23:20:27.739Z		COORDINATE_ROUNDED;GEODETIC_DATUM_ASSUMED_WGS84;CONTINENT_DERIVED_FROM_COORDINATES;MULTIMEDIA_URI_INVALID
4429182014	6ac3f774-d9fb-4796-b3e9-92bf6c81c084		Animalia	Chordata	Mammalia	Carnivora	Mustelidae	Meles	Meles meles		SPECIES	Meles meles (Linnaeus, 1758)	Meles meles		DE	Langenholzen		PRESENT		bb646dff-a905-4403-a49b-6d378c2cf0d9	51.998779	9.856319	25.0						2023-10-06T00:00	6	10	2023	2433875	2433875	HUMAN_OBSERVATION	naturgucker	naturgucker	-1656513034				CC_BY_4_0		1981713956			2024-03-15T23:23:31.099Z		COORDINATE_ROUNDED;GEODETIC_DATUM_ASSUMED_WGS84;CONTINENT_DERIVED_FROM_COORDINATES;MULTIMEDIA_URI_INVALID
4429169309	6ac3f774-d9fb-4796-b3e9-92bf6c81c084		Animalia	Chordata	Mammalia	Carnivora	Mustelidae	Meles	Meles meles		SPECIES	Meles meles (Linnaeus, 1758)	Meles meles		DE	TK25 Blatt 3744/1 - Seddin		PRESENT		bb646dff-a905-4403-a49b-6d378c2cf0d9	52.220745	12.987084	25.0						2023-10-01T00:00	1	10	2023	2433875	2433875	HUMAN_OBSERVATION	naturgucker	naturgucker	14251409				CC_BY_4_0		1575976133			2024-03-15T23:24:28.925Z		COORDINATE_ROUNDED;GEODETIC_DATUM_ASSUMED_WGS84;CONTINENT_DERIVED_FROM_COORDINATES;MULTIMEDIA_URI_INVALID
4421451289	6ac3f774-d9fb-4796-b3e9-92bf6c81c084		Animalia	Chordata	Mammalia	Carnivora	Mustelidae	Meles	Meles meles		SPECIES	Meles meles (Linnaeus, 1758)	Meles meles		DE	Rosenthal KGA Einigkeit, Berlin		PRESENT		bb646dff-a905-4403-a49b-6d378c2cf0d9	52.599762	13.388386	250.0						2023-09-14T00:00	14	9	2023	2433875	2433875	HUMAN_OBSERVATION	naturgucker	naturgucker	-1357716604				CC_BY_4_0		-619538877			2024-03-15T23:28:19.593Z		COORDINATE_ROUNDED;GEODETIC_DATUM_ASSUMED_WGS84;CONTINENT_DERIVED_FROM_COORDINATES;MULTIMEDIA_URI_INVALID
4421445841	6ac3f774-d9fb-4796-b3e9-92bf6c81c084		Animalia	Chordata	Mammalia	Carnivora	Mustelidae	Meles	Meles meles		SPECIES	Meles meles (Linnaeus, 1758)	Meles meles		DE	TK25 Blatt 3346/3 - Berlin / Lübars / Blankenfelde		PRESENT		bb646dff-a905-4403-a49b-6d378c2cf0d9	52.599182	13.388828	25.0						2023-09-03T00:00	3	9	2023	2433875	2433875	HUMAN_OBSERVATION	naturgucker	naturgucker	-855103382				CC_BY_4_0		-619538877			2024-03-15T23:21:19.875Z		COORDINATE_ROUNDED;GEODETIC_DATUM_ASSUMED_WGS84;CONTINENT_DERIVED_FROM_COORDINATES;MULTIMEDIA_URI_INVALID
4421445575	6ac3f774-d9fb-4796-b3e9-92bf6c81c084		Animalia	Chordata	Mammalia	Carnivora	Mustelidae	Meles	Meles meles		SPECIES	Meles meles (Linnaeus, 1758)	Meles meles		DE	TK25 Blatt 4821/3 - Wega / Mandern / Ungedanken		PRESENT		bb646dff-a905-4403-a49b-6d378c2cf0d9	51.138893	9.176894	25.0						2023-09-25T00:00	25	9	2023	2433875	2433875	HUMAN_OBSERVATION	naturgucker	naturgucker	782268613				CC_BY_4_0		-137398616			2024-03-15T23:19:58.624Z		COORDINATE_ROUNDED;GEODETIC_DATUM_ASSUMED_WGS84;CONTINENT_DERIVED_FROM_COORDINATES;MULTIMEDIA_URI_INVALID
4421397384	6ac3f774-d9fb-4796-b3e9-92bf6c81c084		Animalia	Chordata	Mammalia	Carnivora	Mustelidae	Meles	Meles meles		SPECIES	Meles meles (Linnaeus, 1758)	Meles meles		DE	Otterzentrum Hankensbüttel		PRESENT		bb646dff-a905-4403-a49b-6d378c2cf0d9	52.732319	10.617154	250.0						2023-09-21T00:00	21	9	2023	2433875	2433875	HUMAN_OBSERVATION	naturgucker	naturgucker	-1653831538				CC_BY_4_0		794562383			2024-03-15T23:28:01.615Z	StillImage	COORDINATE_ROUNDED;GEODETIC_DATUM_ASSUMED_WGS84;CONTINENT_DERIVED_FROM_COORDINATES
4421363127	6ac3f774-d9fb-4796-b3e9-92bf6c81c084		Animalia	Chordata	Mammalia	Carnivora	Mustelidae	Meles	Meles meles		SPECIES	Meles meles (Linnaeus, 1758)	Meles meles		DE	Rosenthal KGA Einigkeit, Berlin		PRESENT		bb646dff-a905-4403-a49b-6d378c2cf0d9	52.599762	13.388386	250.0						2023-09-15T00:00	15	9	2023	2433875	2433875	HUMAN_OBSERVATION	naturgucker	naturgucker	1826552147				CC_BY_4_0		-619538877			2024-03-15T23:22:31.802Z	StillImage	COORDINATE_ROUNDED;GEODETIC_DATUM_ASSUMED_WGS84;CONTINENT_DERIVED_FROM_COORDINATES
4421357521	6ac3f774-d9fb-4796-b3e9-92bf6c81c084		Animalia	Chordata	Mammalia	Carnivora	Mustelidae	Meles	Meles meles		SPECIES	Meles meles (Linnaeus, 1758)	Meles meles		DE	Melgershäuser Feldflur, mit angrenzendem Wald		PRESENT		bb646dff-a905-4403-a49b-6d378c2cf0d9	51.141582	9.497343	250.0						2023-09-15T00:00	15	9	2023	2433875	2433875	HUMAN_OBSERVATION	naturgucker	naturgucker	603339493				CC_BY_4_0		721850313			2024-03-15T23:19:48.708Z		COORDINATE_ROUNDED;GEODETIC_DATUM_ASSUMED_WGS84;CONTINENT_DERIVED_FROM_COORDINATES;MULTIMEDIA_URI_INVALID
4421328607	6ac3f774-d9fb-4796-b3e9-92bf6c81c084		Animalia	Chordata	Mammalia	Carnivora	Mustelidae	Meles	Meles meles		SPECIES	Meles meles (Linnaeus, 1758)	Meles meles		DE	Melgershäuser Feldflur, mit angrenzendem Wald		PRESENT		bb646dff-a905-4403-a49b-6d378c2cf0d9	51.141582	9.497343	250.0						2023-08-30T00:00	30	8	2023	2433875	2433875	HUMAN_OBSERVATION	naturgucker	naturgucker	907477917				CC_BY_4_0		721850313			2024-03-15T23:20:09.033Z		COORDINATE_ROUNDED;GEODETIC_DATUM_ASSUMED_WGS84;CONTINENT_DERIVED_FROM_COORDINATES;MULTIMEDIA_URI_INVALID
4409339834	8a863029-f435-446a-821e-275f4f641165	https://observation.org/observation/280985656	Animalia	Chordata	Mammalia	Carnivora	Mustelidae	Meles	Meles meles		SPECIES	Meles meles (Linnaeus, 1758)	Meles meles		DE	KS Kassel (Landkreis)	Hessen	PRESENT	1	c8d737e0-2ff8-42e8-b8fc-6b805d26fc5f	51.471674	9.401159	5.0						2023-07-17	17	7	2023	2433875	2433875	HUMAN_OBSERVATION		Observations	OBS.280985656				CC_BY_NC_4_0	Stichting Observation International	User 686549			2024-06-18T20:29:10.369Z	StillImage	COORDINATE_ROUNDED;OCCURRENCE_STATUS_INFERRED_FROM_INDIVIDUAL_COUNT
4408782084	8a863029-f435-446a-821e-275f4f641165	https://observation.org/observation/279411795	Animalia	Chordata	Mammalia	Carnivora	Mustelidae	Meles	Meles meles		SPECIES	Meles meles (Linnaeus, 1758)	Meles meles		DE	DAN Lüchow-Dannenberg (Landkreis)	Niedersachsen	PRESENT	1	c8d737e0-2ff8-42e8-b8fc-6b805d26fc5f	52.921589	11.31134	57.0						2023-07-07	7	7	2023	2433875	2433875	HUMAN_OBSERVATION		Observations	OBS.279411795				CC_BY_NC_4_0	Stichting Observation International	User 578552			2024-06-18T20:29:10.817Z	StillImage	COORDINATE_ROUNDED;OCCURRENCE_STATUS_INFERRED_FROM_INDIVIDUAL_COUNT
4408442597	8a863029-f435-446a-821e-275f4f641165	https://observation.org/observation/279495823	Animalia	Chordata	Mammalia	Carnivora	Mustelidae	Meles	Meles meles		SPECIES	Meles meles (Linnaeus, 1758)	Meles meles		DE	GÖ Göttingen (Landkreis)	Niedersachsen	PRESENT	1	c8d737e0-2ff8-42e8-b8fc-6b805d26fc5f	51.54509	9.680843	60.0						2023-07-07	7	7	2023	2433875	2433875	HUMAN_OBSERVATION		Observations	OBS.279495823				CC_BY_NC_4_0	Stichting Observation International	User 793394			2024-06-18T20:41:51.998Z	StillImage	COORDINATE_ROUNDED;OCCURRENCE_STATUS_INFERRED_FROM_INDIVIDUAL_COUNT
4408042003	8a863029-f435-446a-821e-275f4f641165	https://observation.org/observation/279047408	Animalia	Chordata	Mammalia	Carnivora	Mustelidae	Meles	Meles meles		SPECIES	Meles meles (Linnaeus, 1758)	Meles meles		DE	Elbufer-Drawehn NP	Niedersachsen	PRESENT	2	c8d737e0-2ff8-42e8-b8fc-6b805d26fc5f	53.041323	11.427884							2023-07-03	3	7	2023	2433875	2433875	HUMAN_OBSERVATION		Observations	OBS.279047408				CC_BY_NC_4_0	Stichting Observation International	User 19301			2024-06-18T20:29:13.195Z		COORDINATE_ROUNDED;OCCURRENCE_STATUS_INFERRED_FROM_INDIVIDUAL_COUNT
4176734362	6ac3f774-d9fb-4796-b3e9-92bf6c81c084		Animalia	Chordata	Mammalia	Carnivora	Mustelidae	Meles	Meles meles		SPECIES	Meles meles (Linnaeus, 1758)	Meles meles		DE	TK25 Blatt 5135/1 - Saale / Bucha b. Jena		PRESENT		bb646dff-a905-4403-a49b-6d378c2cf0d9	50.858753	11.664211	25.0						2023-06-19T00:00	19	6	2023	2433875	2433875	HUMAN_OBSERVATION	naturgucker	naturgucker	1482084597				CC_BY_4_0		2029871466			2024-03-15T23:21:56.619Z		COORDINATE_ROUNDED;GEODETIC_DATUM_ASSUMED_WGS84;CONTINENT_DERIVED_FROM_COORDINATES;MULTIMEDIA_URI_INVALID
4176627226	6ac3f774-d9fb-4796-b3e9-92bf6c81c084		Animalia	Chordata	Mammalia	Carnivora	Mustelidae	Meles	Meles meles		SPECIES	Meles meles (Linnaeus, 1758)	Meles meles		DE	TK25 Blatt 2647/1 - Meck. Seenplatte / Wrechen		PRESENT		bb646dff-a905-4403-a49b-6d378c2cf0d9	53.381531	13.533128	25.0						2023-03-05T00:00	5	3	2023	2433875	2433875	HUMAN_OBSERVATION	naturgucker	naturgucker	-1692336129				CC_BY_4_0		-1968907958			2024-03-15T23:28:25.613Z		COORDINATE_ROUNDED;GEODETIC_DATUM_ASSUMED_WGS84;CONTINENT_DERIVED_FROM_COORDINATES;MULTIMEDIA_URI_INVALID
4176609458	6ac3f774-d9fb-4796-b3e9-92bf6c81c084		Animalia	Chordata	Mammalia	Carnivora	Mustelidae	Meles	Meles meles		SPECIES	Meles meles (Linnaeus, 1758)	Meles meles		DE	Melgershäuser Feldflur, mit angrenzendem Wald		PRESENT		bb646dff-a905-4403-a49b-6d378c2cf0d9	51.141582	9.497343	250.0						2023-05-22T00:00	22	5	2023	2433875	2433875	HUMAN_OBSERVATION	naturgucker	naturgucker	1599272732				CC_BY_4_0		721850313			2024-03-15T23:22:15.705Z		COORDINATE_ROUNDED;GEODETIC_DATUM_ASSUMED_WGS84;CONTINENT_DERIVED_FROM_COORDINATES;MULTIMEDIA_URI_INVALID
4176589878	6ac3f774-d9fb-4796-b3e9-92bf6c81c084		Animalia	Chordata	Mammalia	Carnivora	Mustelidae	Meles	Meles meles		SPECIES	Meles meles (Linnaeus, 1758)	Meles meles		DE	TK25 Blatt 3651/1 - Demnitz / Falkenberg		PRESENT		bb646dff-a905-4403-a49b-6d378c2cf0d9	52.373619	14.206471	250.0						2023-02-08T00:00	8	2	2023	2433875	2433875	HUMAN_OBSERVATION	naturgucker	naturgucker	-1481711563				CC_BY_4_0		2140943512			2024-03-15T23:28:01.355Z		COORDINATE_ROUNDED;GEODETIC_DATUM_ASSUMED_WGS84;CONTINENT_DERIVED_FROM_COORDINATES;MULTIMEDIA_URI_INVALID
4176581688	6ac3f774-d9fb-4796-b3e9-92bf6c81c084		Animalia	Chordata	Mammalia	Carnivora	Mustelidae	Meles	Meles meles		SPECIES	Meles meles (Linnaeus, 1758)	Meles meles		DE	Kühlbachschlucht		PRESENT		bb646dff-a905-4403-a49b-6d378c2cf0d9	51.568054	11.77803	250.0						2023-02-27T00:00	27	2	2023	2433875	2433875	HUMAN_OBSERVATION	naturgucker	naturgucker	-304426967				CC_BY_4_0		-899264595			2024-03-15T23:25:34.195Z		COORDINATE_ROUNDED;GEODETIC_DATUM_ASSUMED_WGS84;CONTINENT_DERIVED_FROM_COORDINATES;MULTIMEDIA_URI_INVALID
4176567722	6ac3f774-d9fb-4796-b3e9-92bf6c81c084		Animalia	Chordata	Mammalia	Carnivora	Mustelidae	Meles	Meles meles		SPECIES	Meles meles (Linnaeus, 1758)	Meles meles		DE	Dessau-Waldersee		PRESENT		bb646dff-a905-4403-a49b-6d378c2cf0d9	51.844543	12.286482	250.0						2023-04-06T00:00	6	4	2023	2433875	2433875	HUMAN_OBSERVATION	naturgucker	naturgucker	-126493892				CC_BY_4_0		-1705569001			2024-03-15T23:25:34.167Z	StillImage	COORDINATE_ROUNDED;GEODETIC_DATUM_ASSUMED_WGS84;CONTINENT_DERIVED_FROM_COORDINATES
4176540619	6ac3f774-d9fb-4796-b3e9-92bf6c81c084		Animalia	Chordata	Mammalia	Carnivora	Mustelidae	Meles	Meles meles		SPECIES	Meles meles (Linnaeus, 1758)	Meles meles		DE	Lauer Holz, Lübeck		PRESENT		bb646dff-a905-4403-a49b-6d378c2cf0d9	53.886333	10.756216	250.0						2023-06-20T00:00	20	6	2023	2433875	2433875	HUMAN_OBSERVATION	naturgucker	naturgucker	-1437325035				CC_BY_4_0		-190808717			2024-03-15T23:28:27.959Z	StillImage	COORDINATE_ROUNDED;GEODETIC_DATUM_ASSUMED_WGS84;CONTINENT_DERIVED_FROM_COORDINATES
4176466381	6ac3f774-d9fb-4796-b3e9-92bf6c81c084		Animalia	Chordata	Mammalia	Carnivora	Mustelidae	Meles	Meles meles		SPECIES	Meles meles (Linnaeus, 1758)	Meles meles		DE	Kiesgrube Hartmannsdorf		PRESENT		bb646dff-a905-4403-a49b-6d378c2cf0d9	52.337139	13.811718	250.0						2023-07-23T00:00	23	7	2023	2433875	2433875	HUMAN_OBSERVATION	naturgucker	naturgucker	-232803709				CC_BY_4_0		-1702002382			2024-03-15T23:25:17.364Z		COORDINATE_ROUNDED;GEODETIC_DATUM_ASSUMED_WGS84;CONTINENT_DERIVED_FROM_COORDINATES;MULTIMEDIA_URI_INVALID
4176328395	6ac3f774-d9fb-4796-b3e9-92bf6c81c084		Animalia	Chordata	Mammalia	Carnivora	Mustelidae	Meles	Meles meles		SPECIES	Meles meles (Linnaeus, 1758)	Meles meles		DE	Wathlingen - Fuhse		PRESENT		bb646dff-a905-4403-a49b-6d378c2cf0d9	52.550159	10.149822	250.0						2023-03-13T00:00	13	3	2023	2433875	2433875	HUMAN_OBSERVATION	naturgucker	naturgucker	1666988099				CC_BY_4_0		-1510526472			2024-03-15T23:27:03.850Z		COORDINATE_ROUNDED;GEODETIC_DATUM_ASSUMED_WGS84;CONTINENT_DERIVED_FROM_COORDINATES;MULTIMEDIA_URI_INVALID
4176309062	6ac3f774-d9fb-4796-b3e9-92bf6c81c084		Animalia	Chordata	Mammalia	Carnivora	Mustelidae	Meles	Meles meles		SPECIES	Meles meles (Linnaeus, 1758)	Meles meles		DE	Melgershäuser Feldflur, mit angrenzendem Wald		PRESENT		bb646dff-a905-4403-a49b-6d378c2cf0d9	51.142956	9.480611	25.0						2023-06-14T00:00	14	6	2023	2433875	2433875	HUMAN_OBSERVATION	naturgucker	naturgucker	741268380				CC_BY_4_0		721850313			2024-03-15T23:19:56.170Z		COORDINATE_ROUNDED;GEODETIC_DATUM_ASSUMED_WGS84;CONTINENT_DERIVED_FROM_COORDINATES;MULTIMEDIA_URI_INVALID
4176250876	6ac3f774-d9fb-4796-b3e9-92bf6c81c084		Animalia	Chordata	Mammalia	Carnivora	Mustelidae	Meles	Meles meles		SPECIES	Meles meles (Linnaeus, 1758)	Meles meles		DE	TK25 Blatt 3924/1 - Esbeck / Sehlde / Eime / Deinsen		PRESENT		bb646dff-a905-4403-a49b-6d378c2cf0d9	52.068085	9.747698	25.0						2023-03-12T00:00	12	3	2023	2433875	2433875	HUMAN_OBSERVATION	naturgucker	naturgucker	1375471032				CC_BY_4_0		-1217225769			2024-03-15T23:21:53.100Z	StillImage	COORDINATE_ROUNDED;GEODETIC_DATUM_ASSUMED_WGS84;CONTINENT_DERIVED_FROM_COORDINATES
4176029613	6ac3f774-d9fb-4796-b3e9-92bf6c81c084		Animalia	Chordata	Mammalia	Carnivora	Mustelidae	Meles	Meles meles		SPECIES	Meles meles (Linnaeus, 1758)	Meles meles		DE	TK25 Blatt 3452/1 - Gusow-Platkow / Werbig		PRESENT		bb646dff-a905-4403-a49b-6d378c2cf0d9	52.573597	14.373107	250.0						2023-02-27T00:00	27	2	2023	2433875	2433875	HUMAN_OBSERVATION	naturgucker	naturgucker	-101205098				CC_BY_4_0		2140943512			2024-03-15T23:25:57.784Z		COORDINATE_ROUNDED;GEODETIC_DATUM_ASSUMED_WGS84;CONTINENT_DERIVED_FROM_COORDINATES;MULTIMEDIA_URI_INVALID
4176013029	6ac3f774-d9fb-4796-b3e9-92bf6c81c084		Animalia	Chordata	Mammalia	Carnivora	Mustelidae	Meles	Meles meles		SPECIES	Meles meles (Linnaeus, 1758)	Meles meles		DE	Döberitzer Heide		PRESENT		bb646dff-a905-4403-a49b-6d378c2cf0d9	52.498249	13.042145	250.0						2023-05-19T00:00	19	5	2023	2433875	2433875	HUMAN_OBSERVATION	naturgucker	naturgucker	-1150987910				CC_BY_4_0		-367035428			2024-03-15T23:27:45.584Z		COORDINATE_ROUNDED;GEODETIC_DATUM_ASSUMED_WGS84;CONTINENT_DERIVED_FROM_COORDINATES;MULTIMEDIA_URI_INVALID
4175921182	6ac3f774-d9fb-4796-b3e9-92bf6c81c084		Animalia	Chordata	Mammalia	Carnivora	Mustelidae	Meles	Meles meles		SPECIES	Meles meles (Linnaeus, 1758)	Meles meles		DE	TK25 Blatt 5143/1 - Chemnitz (Nord) / Borna, Draisdorf		PRESENT		bb646dff-a905-4403-a49b-6d378c2cf0d9	50.870403	12.839695	25.0						2023-08-03T00:00	3	8	2023	2433875	2433875	HUMAN_OBSERVATION	naturgucker	naturgucker	-2072871564				CC_BY_4_0		-1182966235			2024-03-15T23:24:07.638Z		COORDINATE_ROUNDED;GEODETIC_DATUM_ASSUMED_WGS84;CONTINENT_DERIVED_FROM_COORDINATES;MULTIMEDIA_URI_INVALID
4175894170	6ac3f774-d9fb-4796-b3e9-92bf6c81c084		Animalia	Chordata	Mammalia	Carnivora	Mustelidae	Meles	Meles meles		SPECIES	Meles meles (Linnaeus, 1758)	Meles meles		DE	TK25 Blatt 3148/2 - Eberswalde (Nord) / Britz		PRESENT		bb646dff-a905-4403-a49b-6d378c2cf0d9	52.891174	13.805416	25.0						2023-07-04T00:00	4	7	2023	2433875	2433875	HUMAN_OBSERVATION	naturgucker	naturgucker	585835699				CC_BY_4_0		-1968907958			2024-03-15T23:19:47.502Z		COORDINATE_ROUNDED;GEODETIC_DATUM_ASSUMED_WGS84;CONTINENT_DERIVED_FROM_COORDINATES;MULTIMEDIA_URI_INVALID
4175886930	6ac3f774-d9fb-4796-b3e9-92bf6c81c084		Animalia	Chordata	Mammalia	Carnivora	Mustelidae	Meles	Meles meles		SPECIES	Meles meles (Linnaeus, 1758)	Meles meles		DE	Feldflur Lüttow - Schadeland - Testorf		PRESENT		bb646dff-a905-4403-a49b-6d378c2cf0d9	53.53727	10.866635	25.0						2023-06-29T00:00	29	6	2023	2433875	2433875	HUMAN_OBSERVATION	naturgucker	naturgucker	-317272516				CC_BY_4_0		794562383			2024-03-15T23:26:10.794Z		COORDINATE_ROUNDED;GEODETIC_DATUM_ASSUMED_WGS84;CONTINENT_DERIVED_FROM_COORDINATES;MULTIMEDIA_URI_INVALID
4175810801	6ac3f774-d9fb-4796-b3e9-92bf6c81c084		Animalia	Chordata	Mammalia	Carnivora	Mustelidae	Meles	Meles meles		SPECIES	Meles meles (Linnaeus, 1758)	Meles meles		DE	Prora		PRESENT		bb646dff-a905-4403-a49b-6d378c2cf0d9	54.444893	13.5676	250.0						2023-04-18T00:00	18	4	2023	2433875	2433875	HUMAN_OBSERVATION	naturgucker	naturgucker	163587919				CC_BY_4_0		-1611384388			2024-03-15T23:18:52.814Z		COORDINATE_ROUNDED;GEODETIC_DATUM_ASSUMED_WGS84;CONTINENT_DERIVED_FROM_COORDINATES;MULTIMEDIA_URI_INVALID
4175585900	6ac3f774-d9fb-4796-b3e9-92bf6c81c084		Animalia	Chordata	Mammalia	Carnivora	Mustelidae	Meles	Meles meles		SPECIES	Meles meles (Linnaeus, 1758)	Meles meles		DE	TK25 Blatt 3748/3 - Gräbendorf		PRESENT		bb646dff-a905-4403-a49b-6d378c2cf0d9	52.246643	13.717562	25.0						2023-06-07T00:00	7	6	2023	2433875	2433875	HUMAN_OBSERVATION	naturgucker	naturgucker	1373035084				CC_BY_4_0		-1702002382			2024-03-15T23:21:49.508Z		COORDINATE_ROUNDED;GEODETIC_DATUM_ASSUMED_WGS84;CONTINENT_DERIVED_FROM_COORDINATES;MULTIMEDIA_URI_INVALID
4175571753	6ac3f774-d9fb-4796-b3e9-92bf6c81c084		Animalia	Chordata	Mammalia	Carnivora	Mustelidae	Meles	Meles meles		SPECIES	Meles meles (Linnaeus, 1758)	Meles meles		DE	Ruinenberg Potsdam		PRESENT		bb646dff-a905-4403-a49b-6d378c2cf0d9	52.408833	13.039261	250.0						2023-07-02T00:00	2	7	2023	2433875	2433875	HUMAN_OBSERVATION	naturgucker	naturgucker	-981985188				CC_BY_4_0		775264269			2024-03-15T23:26:24.121Z		COORDINATE_ROUNDED;GEODETIC_DATUM_ASSUMED_WGS84;CONTINENT_DERIVED_FROM_COORDINATES;MULTIMEDIA_URI_INVALID
4175488796	6ac3f774-d9fb-4796-b3e9-92bf6c81c084		Animalia	Chordata	Mammalia	Carnivora	Mustelidae	Meles	Meles meles		SPECIES	Meles meles (Linnaeus, 1758)	Meles meles		DE	Gartengebiet Meißen Rote Gasse / Bergstraße		PRESENT		bb646dff-a905-4403-a49b-6d378c2cf0d9	51.154331	13.486867	250.0						2023-07-05T00:00	5	7	2023	2433875	2433875	HUMAN_OBSERVATION	naturgucker	naturgucker	-834930592				CC_BY_4_0		1698071354			2024-03-15T23:21:18.512Z		COORDINATE_ROUNDED;GEODETIC_DATUM_ASSUMED_WGS84;CONTINENT_DERIVED_FROM_COORDINATES;MULTIMEDIA_URI_INVALID
4175472501	6ac3f774-d9fb-4796-b3e9-92bf6c81c084		Animalia	Chordata	Mammalia	Carnivora	Mustelidae	Meles	Meles meles		SPECIES	Meles meles (Linnaeus, 1758)	Meles meles		DE	TK25 Blatt 2748/2 - StÜbPl Prenzlau		PRESENT		bb646dff-a905-4403-a49b-6d378c2cf0d9	53.294117	13.809608	25.0						2023-05-30T00:00	30	5	2023	2433875	2433875	HUMAN_OBSERVATION	naturgucker	naturgucker	113901638				CC_BY_4_0		-1968907958			2024-03-15T23:18:43.017Z		COORDINATE_ROUNDED;GEODETIC_DATUM_ASSUMED_WGS84;CONTINENT_DERIVED_FROM_COORDINATES;MULTIMEDIA_URI_INVALID
4175433990	6ac3f774-d9fb-4796-b3e9-92bf6c81c084		Animalia	Chordata	Mammalia	Carnivora	Mustelidae	Meles	Meles meles		SPECIES	Meles meles (Linnaeus, 1758)	Meles meles		DE	TK25 Blatt 3814/2 - Wellendorf / Kettenkamp		PRESENT		bb646dff-a905-4403-a49b-6d378c2cf0d9	52.163967	8.13555	25.0						2023-03-04T00:00	4	3	2023	2433875	2433875	HUMAN_OBSERVATION	naturgucker	naturgucker	-26592988				CC_BY_4_0		-716945079			2024-03-15T23:18:28.043Z		COORDINATE_ROUNDED;GEODETIC_DATUM_ASSUMED_WGS84;CONTINENT_DERIVED_FROM_COORDINATES;MULTIMEDIA_URI_INVALID
4175376204	6ac3f774-d9fb-4796-b3e9-92bf6c81c084		Animalia	Chordata	Mammalia	Carnivora	Mustelidae	Meles	Meles meles		SPECIES	Meles meles (Linnaeus, 1758)	Meles meles		DE	TK25 Blatt 3924/1 - Esbeck / Sehlde / Eime / Deinsen		PRESENT		bb646dff-a905-4403-a49b-6d378c2cf0d9	52.078285	9.743608	25.0						2023-02-26T00:00	26	2	2023	2433875	2433875	HUMAN_OBSERVATION	naturgucker	naturgucker	-2031663462				CC_BY_4_0		-1217225769			2024-03-15T23:24:06.624Z	StillImage	COORDINATE_ROUNDED;GEODETIC_DATUM_ASSUMED_WGS84;CONTINENT_DERIVED_FROM_COORDINATES
4175293246	6ac3f774-d9fb-4796-b3e9-92bf6c81c084		Animalia	Chordata	Mammalia	Carnivora	Mustelidae	Meles	Meles meles		SPECIES	Meles meles (Linnaeus, 1758)	Meles meles		DE	BS-NO		PRESENT		bb646dff-a905-4403-a49b-6d378c2cf0d9	52.302189	10.615548	25.0						2023-02-19T00:00	19	2	2023	2433875	2433875	HUMAN_OBSERVATION	naturgucker	naturgucker	-392346128				CC_BY_4_0		-1088252827			2024-03-15T23:26:14.215Z	StillImage	COORDINATE_ROUNDED;GEODETIC_DATUM_ASSUMED_WGS84;CONTINENT_DERIVED_FROM_COORDINATES
4175275634	6ac3f774-d9fb-4796-b3e9-92bf6c81c084		Animalia	Chordata	Mammalia	Carnivora	Mustelidae	Meles	Meles meles		SPECIES	Meles meles (Linnaeus, 1758)	Meles meles		DE	Helmestausee Kelbra und nordwestliche Flur		PRESENT		bb646dff-a905-4403-a49b-6d378c2cf0d9	51.444164	10.982037	250.0						2023-05-19T00:00	19	5	2023	2433875	2433875	HUMAN_OBSERVATION	naturgucker	naturgucker	-280810782				CC_BY_4_0		1653947998			2024-03-15T23:20:47.956Z		COORDINATE_ROUNDED;GEODETIC_DATUM_ASSUMED_WGS84;CONTINENT_DERIVED_FROM_COORDINATES;MULTIMEDIA_URI_INVALID
4175272987	6ac3f774-d9fb-4796-b3e9-92bf6c81c084		Animalia	Chordata	Mammalia	Carnivora	Mustelidae	Meles	Meles meles		SPECIES	Meles meles (Linnaeus, 1758)	Meles meles		DE	NSG Kalkmagerrasen bei Ossendorf MTB 4520/2		PRESENT		bb646dff-a905-4403-a49b-6d378c2cf0d9	51.49474	9.103576	25.0						2023-06-30T00:00	30	6	2023	2433875	2433875	HUMAN_OBSERVATION	naturgucker	naturgucker	-151984132				CC_BY_4_0		55593928			2024-03-15T23:25:11.233Z		COORDINATE_ROUNDED;GEODETIC_DATUM_ASSUMED_WGS84;CONTINENT_DERIVED_FROM_COORDINATES;MULTIMEDIA_URI_INVALID
4175246028	6ac3f774-d9fb-4796-b3e9-92bf6c81c084		Animalia	Chordata	Mammalia	Carnivora	Mustelidae	Meles	Meles meles		SPECIES	Meles meles (Linnaeus, 1758)	Meles meles		DE	TK25 Blatt 5135/1 - Saale / Bucha b. Jena		PRESENT		bb646dff-a905-4403-a49b-6d378c2cf0d9	50.858753	11.664211	250.0						2023-05-13T00:00	13	5	2023	2433875	2433875	HUMAN_OBSERVATION	naturgucker	naturgucker	-1646555025				CC_BY_4_0		2029871466			2024-03-15T23:23:26.964Z		COORDINATE_ROUNDED;GEODETIC_DATUM_ASSUMED_WGS84;CONTINENT_DERIVED_FROM_COORDINATES;MULTIMEDIA_URI_INVALID
4175221948	6ac3f774-d9fb-4796-b3e9-92bf6c81c084		Animalia	Chordata	Mammalia	Carnivora	Mustelidae	Meles	Meles meles		SPECIES	Meles meles (Linnaeus, 1758)	Meles meles		DE	Helmestausee Kelbra und nordwestliche Flur		PRESENT		bb646dff-a905-4403-a49b-6d378c2cf0d9	51.444164	10.982037	250.0						2023-05-19T00:00	19	5	2023	2433875	2433875	HUMAN_OBSERVATION	naturgucker	naturgucker	-163857954				CC_BY_4_0		1937664401			2024-03-15T23:20:39.406Z		COORDINATE_ROUNDED;GEODETIC_DATUM_ASSUMED_WGS84;CONTINENT_DERIVED_FROM_COORDINATES;MULTIMEDIA_URI_INVALID
4175151063	6ac3f774-d9fb-4796-b3e9-92bf6c81c084		Animalia	Chordata	Mammalia	Carnivora	Mustelidae	Meles	Meles meles		SPECIES	Meles meles (Linnaeus, 1758)	Meles meles		DE	TK25 Blatt 3824/2 - Leine / Nordstemmen / Rössing		PRESENT		bb646dff-a905-4403-a49b-6d378c2cf0d9	52.156433	9.769438	25.0						2023-07-21T00:00	21	7	2023	2433875	2433875	HUMAN_OBSERVATION	naturgucker	naturgucker	-1320844870				CC_BY_4_0		1928672259			2024-03-15T23:22:58.452Z		COORDINATE_ROUNDED;GEODETIC_DATUM_ASSUMED_WGS84;CONTINENT_DERIVED_FROM_COORDINATES;MULTIMEDIA_URI_INVALID
4175149716	6ac3f774-d9fb-4796-b3e9-92bf6c81c084		Animalia	Chordata	Mammalia	Carnivora	Mustelidae	Meles	Meles meles		SPECIES	Meles meles (Linnaeus, 1758)	Meles meles		DE	Grünheide		PRESENT		bb646dff-a905-4403-a49b-6d378c2cf0d9	54.11779	12.558078	250.0						2023-08-01T00:00	1	8	2023	2433875	2433875	HUMAN_OBSERVATION	naturgucker	naturgucker	-1249978951				CC_BY_4_0		-1593358461			2024-03-15T23:22:49.887Z		COORDINATE_ROUNDED;GEODETIC_DATUM_ASSUMED_WGS84;CONTINENT_DERIVED_FROM_COORDINATES;MULTIMEDIA_URI_INVALID
4175144278	6ac3f774-d9fb-4796-b3e9-92bf6c81c084		Animalia	Chordata	Mammalia	Carnivora	Mustelidae	Meles	Meles meles		SPECIES	Meles meles (Linnaeus, 1758)	Meles meles		DE	TK25 Blatt 2437/2 - Mestlin / Techentin		PRESENT		bb646dff-a905-4403-a49b-6d378c2cf0d9	53.552013	11.922663	25.0						2023-05-08T00:00	8	5	2023	2433875	2433875	HUMAN_OBSERVATION	naturgucker	naturgucker	-1362684222				CC_BY_4_0		1707102214			2024-03-15T23:27:43.343Z		COORDINATE_ROUNDED;GEODETIC_DATUM_ASSUMED_WGS84;CONTINENT_DERIVED_FROM_COORDINATES;MULTIMEDIA_URI_INVALID
4175109388	6ac3f774-d9fb-4796-b3e9-92bf6c81c084		Animalia	Chordata	Mammalia	Carnivora	Mustelidae	Meles	Meles meles		SPECIES	Meles meles (Linnaeus, 1758)	Meles meles		DE	TK25 Blatt 4142/2 - Zahna-Elster / Leetza / Külso		PRESENT		bb646dff-a905-4403-a49b-6d378c2cf0d9	51.861496	12.771935	25.0						2023-03-20T00:00	20	3	2023	2433875	2433875	HUMAN_OBSERVATION	naturgucker	naturgucker	611398261				CC_BY_4_0		367223914			2024-03-15T23:19:47.024Z		COORDINATE_ROUNDED;GEODETIC_DATUM_ASSUMED_WGS84;CONTINENT_DERIVED_FROM_COORDINATES;MULTIMEDIA_URI_INVALID
4175082362	6ac3f774-d9fb-4796-b3e9-92bf6c81c084		Animalia	Chordata	Mammalia	Carnivora	Mustelidae	Meles	Meles meles		SPECIES	Meles meles (Linnaeus, 1758)	Meles meles		DE	Obergeis und Umgebung		PRESENT		bb646dff-a905-4403-a49b-6d378c2cf0d9	50.901085	9.594498	250.0						2023-01-02T00:00	2	1	2023	2433875	2433875	HUMAN_OBSERVATION	naturgucker	naturgucker	-1047568322				CC_BY_4_0		-592484464			2024-03-15T23:22:47.801Z		COORDINATE_ROUNDED;GEODETIC_DATUM_ASSUMED_WGS84;CONTINENT_DERIVED_FROM_COORDINATES;MULTIMEDIA_URI_INVALID
4175063491	6ac3f774-d9fb-4796-b3e9-92bf6c81c084		Animalia	Chordata	Mammalia	Carnivora	Mustelidae	Meles	Meles meles		SPECIES	Meles meles (Linnaeus, 1758)	Meles meles		DE	TK25 Blatt 4624/4 - Hubenrode / Kleinalmerode / Roßbach		PRESENT		bb646dff-a905-4403-a49b-6d378c2cf0d9	51.340881	9.825247	25.0						2023-06-02T00:00	2	6	2023	2433875	2433875	HUMAN_OBSERVATION	naturgucker	naturgucker	441233074				CC_BY_4_0		-1527220226			2024-03-15T23:19:30.839Z		COORDINATE_ROUNDED;GEODETIC_DATUM_ASSUMED_WGS84;CONTINENT_DERIVED_FROM_COORDINATES;MULTIMEDIA_URI_INVALID
4174902953	6ac3f774-d9fb-4796-b3e9-92bf6c81c084		Animalia	Chordata	Mammalia	Carnivora	Mustelidae	Meles	Meles meles		SPECIES	Meles meles (Linnaeus, 1758)	Meles meles		DE	Lohner Wald		PRESENT		bb646dff-a905-4403-a49b-6d378c2cf0d9	52.463322	9.864342	250.0						2023-01-03T00:00	3	1	2023	2433875	2433875	HUMAN_OBSERVATION	naturgucker	naturgucker	1822074262				CC_BY_4_0		-1724250800			2024-03-15T23:22:34.844Z	StillImage	COORDINATE_ROUNDED;GEODETIC_DATUM_ASSUMED_WGS84;CONTINENT_DERIVED_FROM_COORDINATES
4160884721	8a863029-f435-446a-821e-275f4f641165	https://observation.org/observation/274406971	Animalia	Chordata	Mammalia	Carnivora	Mustelidae	Meles	Meles meles		SPECIES	Meles meles (Linnaeus, 1758)	Meles meles		DE	HSK Winterberg (Kernstadt)	Nordrhein-Westfalen	PRESENT	1	c8d737e0-2ff8-42e8-b8fc-6b805d26fc5f	51.191644	8.535517							2023-06-01	1	6	2023	2433875	2433875	HUMAN_OBSERVATION		Observations	OBS.274406971				CC_BY_NC_4_0	Stichting Observation International	User 804333			2024-06-18T20:28:54.732Z	StillImage	COORDINATE_ROUNDED;OCCURRENCE_STATUS_INFERRED_FROM_INDIVIDUAL_COUNT
4160800838	8a863029-f435-446a-821e-275f4f641165	https://observation.org/observation/275339593	Animalia	Chordata	Mammalia	Carnivora	Mustelidae	Meles	Meles meles		SPECIES	Meles meles (Linnaeus, 1758)	Meles meles		DE	MOL Märkisch-Oderland (Landkreis)	Brandenburg	PRESENT	1	c8d737e0-2ff8-42e8-b8fc-6b805d26fc5f	52.827286	14.114985	29.0						2023-06-07	7	6	2023	2433875	2433875	HUMAN_OBSERVATION		Observations	OBS.275339593				CC_BY_NC_4_0	Stichting Observation International	User 359870			2024-06-18T20:39:28.472Z	StillImage	COORDINATE_ROUNDED;OCCURRENCE_STATUS_INFERRED_FROM_INDIVIDUAL_COUNT
4160508463	8a863029-f435-446a-821e-275f4f641165	https://observation.org/observation/274322775	Animalia	Chordata	Mammalia	Carnivora	Mustelidae	Meles	Meles meles		SPECIES	Meles meles (Linnaeus, 1758)	Meles meles		DE	KB Waldeck-Frankenberg (Landkreis)	Hessen	PRESENT	1	c8d737e0-2ff8-42e8-b8fc-6b805d26fc5f	51.008892	8.782778	16.0						2023-05-31	31	5	2023	2433875	2433875	HUMAN_OBSERVATION		Observations	OBS.274322775				CC_BY_NC_4_0	Stichting Observation International	User 807129			2024-06-18T20:39:51.280Z	StillImage	COORDINATE_ROUNDED;OCCURRENCE_STATUS_INFERRED_FROM_INDIVIDUAL_COUNT
4160226066	8a863029-f435-446a-821e-275f4f641165	https://observation.org/observation/274048703	Animalia	Chordata	Mammalia	Carnivora	Mustelidae	Meles	Meles meles		SPECIES	Meles meles (Linnaeus, 1758)	Meles meles		DE	RD Rendsburg-Eckernförde (Landkreis)	Schleswig-Holstein	PRESENT	1	c8d737e0-2ff8-42e8-b8fc-6b805d26fc5f	54.268949	10.083467	86.0						2023-05-30	30	5	2023	2433875	2433875	HUMAN_OBSERVATION		Observations	OBS.274048703				CC_BY_NC_4_0	Stichting Observation International	User 398961			2024-06-18T20:39:28.778Z	StillImage	COORDINATE_ROUNDED;OCCURRENCE_STATUS_INFERRED_FROM_INDIVIDUAL_COUNT
4159987493	8a863029-f435-446a-821e-275f4f641165	https://observation.org/observation/275542847	Animalia	Chordata	Mammalia	Carnivora	Mustelidae	Meles	Meles meles		SPECIES	Meles meles (Linnaeus, 1758)	Meles meles		DE	BS Flusslandschaft Elbe-Brandenburg	Brandenburg	PRESENT	1	c8d737e0-2ff8-42e8-b8fc-6b805d26fc5f	52.948167	11.85591	3.0						2023-06-02	2	6	2023	2433875	2433875	HUMAN_OBSERVATION		Observations	OBS.275542847				CC_BY_NC_4_0	Stichting Observation International	User 736267			2024-06-18T20:41:04.148Z	StillImage	COORDINATE_ROUNDED;OCCURRENCE_STATUS_INFERRED_FROM_INDIVIDUAL_COUNT
4159759780	8a863029-f435-446a-821e-275f4f641165	https://observation.org/observation/266907569	Animalia	Chordata	Mammalia	Carnivora	Mustelidae	Meles	Meles meles		SPECIES	Meles meles (Linnaeus, 1758)	Meles meles		DE	Lübecker Bucht	Mecklenburg-Vorpommern	PRESENT	1	c8d737e0-2ff8-42e8-b8fc-6b805d26fc5f	53.96678	11.485928	5.0						2023-04-06	6	4	2023	2433875	2433875	HUMAN_OBSERVATION		Observations	OBS.266907569				CC_BY_NC_4_0	Stichting Observation International	User 484329			2024-06-18T20:39:30.787Z	StillImage	COORDINATE_ROUNDED;OCCURRENCE_STATUS_INFERRED_FROM_INDIVIDUAL_COUNT
4159573518	8a863029-f435-446a-821e-275f4f641165	https://observation.org/observation/272777753	Animalia	Chordata	Mammalia	Carnivora	Mustelidae	Meles	Meles meles		SPECIES	Meles meles (Linnaeus, 1758)	Meles meles		DE	LG Lüneburg (Landkreis)	Niedersachsen	PRESENT	1	c8d737e0-2ff8-42e8-b8fc-6b805d26fc5f	53.237311	10.528153	12.0						2023-05-21	21	5	2023	2433875	2433875	HUMAN_OBSERVATION		Observations	OBS.272777753				CC_BY_NC_4_0	Stichting Observation International	User 831472			2024-06-18T20:39:55.843Z	StillImage	COORDINATE_ROUNDED;OCCURRENCE_STATUS_INFERRED_FROM_INDIVIDUAL_COUNT
4159338564	8a863029-f435-446a-821e-275f4f641165	https://observation.org/observation/265522588	Animalia	Chordata	Mammalia	Carnivora	Mustelidae	Meles	Meles meles		SPECIES	Meles meles (Linnaeus, 1758)	Meles meles		DE	FFH Habichtswald und Seilerberg bei Ehlen (Kreis Kassel)	Hessen	PRESENT	1	c8d737e0-2ff8-42e8-b8fc-6b805d26fc5f	51.284684	9.388373	5.0						2023-03-19	19	3	2023	2433875	2433875	HUMAN_OBSERVATION		Observations	OBS.265522588				CC_BY_NC_4_0	Stichting Observation International	User 733463			2024-06-18T20:28:17.718Z		COORDINATE_ROUNDED;OCCURRENCE_STATUS_INFERRED_FROM_INDIVIDUAL_COUNT
4159334945	8a863029-f435-446a-821e-275f4f641165	https://observation.org/observation/265266794	Animalia	Chordata	Mammalia	Carnivora	Mustelidae	Meles	Meles meles		SPECIES	Meles meles (Linnaeus, 1758)	Meles meles		DE	RZ Herzogtum Lauenburg (Landkreis)	Schleswig-Holstein	PRESENT	1	c8d737e0-2ff8-42e8-b8fc-6b805d26fc5f	53.480717	10.489775							2023-03-16	16	3	2023	2433875	2433875	HUMAN_OBSERVATION		Observations	OBS.265266794				CC_BY_NC_4_0	Stichting Observation International	User 766830			2024-06-18T20:39:02.590Z		COORDINATE_ROUNDED;OCCURRENCE_STATUS_INFERRED_FROM_INDIVIDUAL_COUNT
4159321426	8a863029-f435-446a-821e-275f4f641165	https://observation.org/observation/270051692	Animalia	Chordata	Mammalia	Carnivora	Mustelidae	Meles	Meles meles		SPECIES	Meles meles (Linnaeus, 1758)	Meles meles		DE	HK Heidekreis (Landkreis)	Niedersachsen	PRESENT	1	c8d737e0-2ff8-42e8-b8fc-6b805d26fc5f	53.104889	10.051927	5.0						2023-05-02	2	5	2023	2433875	2433875	HUMAN_OBSERVATION		Observations	OBS.270051692				CC_BY_NC_4_0	Stichting Observation International	User 737985			2024-06-18T20:40:48.929Z	StillImage	COORDINATE_ROUNDED;OCCURRENCE_STATUS_INFERRED_FROM_INDIVIDUAL_COUNT
4159276972	8a863029-f435-446a-821e-275f4f641165	https://observation.org/observation/275960475	Animalia	Chordata	Mammalia	Carnivora	Mustelidae	Meles	Meles meles		SPECIES	Meles meles (Linnaeus, 1758)	Meles meles		DE	LSG Solling	Niedersachsen	PRESENT	1	c8d737e0-2ff8-42e8-b8fc-6b805d26fc5f	51.660832	9.822233							2023-06-11	11	6	2023	2433875	2433875	HUMAN_OBSERVATION		Observations	OBS.275960475				CC_BY_NC_4_0	Stichting Observation International	User 816601			2024-06-18T20:41:20.905Z	StillImage	COORDINATE_ROUNDED;OCCURRENCE_STATUS_INFERRED_FROM_INDIVIDUAL_COUNT
4159148913	8a863029-f435-446a-821e-275f4f641165	https://observation.org/observation/270822111	Animalia	Chordata	Mammalia	Carnivora	Mustelidae	Meles	Meles meles		SPECIES	Meles meles (Linnaeus, 1758)	Meles meles		DE	GÖ Göttingen (Landkreis)	Niedersachsen	PRESENT	1	c8d737e0-2ff8-42e8-b8fc-6b805d26fc5f	51.466608	10.118067							2023-05-06	6	5	2023	2433875	2433875	HUMAN_OBSERVATION		Observations	OBS.270822111				CC_BY_NC_4_0	Stichting Observation International	User 796813			2024-06-18T20:39:46.860Z	StillImage	COORDINATE_ROUNDED;OCCURRENCE_STATUS_INFERRED_FROM_INDIVIDUAL_COUNT
4158777011	8a863029-f435-446a-821e-275f4f641165	https://observation.org/observation/274326219	Animalia	Chordata	Mammalia	Carnivora	Mustelidae	Meles	Meles meles		SPECIES	Meles meles (Linnaeus, 1758)	Meles meles		DE	LG Alt Garge	Niedersachsen	PRESENT	1	c8d737e0-2ff8-42e8-b8fc-6b805d26fc5f	53.264109	10.806701	5.0						2023-06-01	1	6	2023	2433875	2433875	HUMAN_OBSERVATION		Observations	OBS.274326219				CC_BY_NC_4_0	Stichting Observation International	User 732468			2024-06-18T20:39:33.315Z	StillImage	COORDINATE_ROUNDED;OCCURRENCE_STATUS_INFERRED_FROM_INDIVIDUAL_COUNT
4158704254	8a863029-f435-446a-821e-275f4f641165	https://observation.org/observation/269590535	Animalia	Chordata	Mammalia	Carnivora	Mustelidae	Meles	Meles meles		SPECIES	Meles meles (Linnaeus, 1758)	Meles meles		DE	RZ Herzogtum Lauenburg (Landkreis)	Schleswig-Holstein	PRESENT	1	c8d737e0-2ff8-42e8-b8fc-6b805d26fc5f	53.526454	10.782367	7.0						2023-04-24	24	4	2023	2433875	2433875	HUMAN_OBSERVATION		Observations	OBS.269590535				CC_BY_NC_4_0	Stichting Observation International	User 344792			2024-06-18T20:40:46.842Z	StillImage	COORDINATE_ROUNDED;OCCURRENCE_STATUS_INFERRED_FROM_INDIVIDUAL_COUNT
4158633896	8a863029-f435-446a-821e-275f4f641165	https://observation.org/observation/274386309	Animalia	Chordata	Mammalia	Carnivora	Mustelidae	Meles	Meles meles		SPECIES	Meles meles (Linnaeus, 1758)	Meles meles		DE	KB Waldeck-Frankenberg (Landkreis)	Hessen	PRESENT	1	c8d737e0-2ff8-42e8-b8fc-6b805d26fc5f	51.008892	8.782778	16.0						2023-05-31	31	5	2023	2433875	2433875	HUMAN_OBSERVATION		Observations	OBS.274386309				CC_BY_NC_4_0	Stichting Observation International	User 807129			2024-06-18T20:29:01.971Z	StillImage	COORDINATE_ROUNDED;OCCURRENCE_STATUS_INFERRED_FROM_INDIVIDUAL_COUNT
4158210154	8a863029-f435-446a-821e-275f4f641165	https://observation.org/observation/267591581	Animalia	Chordata	Mammalia	Carnivora	Mustelidae	Meles	Meles meles		SPECIES	Meles meles (Linnaeus, 1758)	Meles meles		DE	Kamenz (ehem. Landkreis)	Sachsen	PRESENT	1	c8d737e0-2ff8-42e8-b8fc-6b805d26fc5f	51.465406	14.324101							2023-04-13	13	4	2023	2433875	2433875	HUMAN_OBSERVATION		Observations	OBS.267591581				CC_BY_NC_4_0	Stichting Observation International	User 184531			2024-06-18T20:28:16.586Z		COORDINATE_ROUNDED;OCCURRENCE_STATUS_INFERRED_FROM_INDIVIDUAL_COUNT
4157926452	8a863029-f435-446a-821e-275f4f641165	https://observation.org/observation/273638134	Animalia	Chordata	Mammalia	Carnivora	Mustelidae	Meles	Meles meles		SPECIES	Meles meles (Linnaeus, 1758)	Meles meles		DE	KS Kassel (Landkreis)	Hessen	PRESENT	1	c8d737e0-2ff8-42e8-b8fc-6b805d26fc5f	51.333469	9.320399							2023-05-26	26	5	2023	2433875	2433875	HUMAN_OBSERVATION		Observations	OBS.273638134				CC_BY_NC_4_0	Stichting Observation International	User 768348			2024-06-18T20:39:20.614Z	StillImage	COORDINATE_ROUNDED;OCCURRENCE_STATUS_INFERRED_FROM_INDIVIDUAL_COUNT
4157679889	8a863029-f435-446a-821e-275f4f641165	https://observation.org/observation/267387161	Animalia	Chordata	Mammalia	Carnivora	Mustelidae	Meles	Meles meles		SPECIES	Meles meles (Linnaeus, 1758)	Meles meles		DE	LG Lüneburg (Landkreis)	Niedersachsen	PRESENT	1	c8d737e0-2ff8-42e8-b8fc-6b805d26fc5f	53.179787	10.319067	3.0						2023-04-10	10	4	2023	2433875	2433875	HUMAN_OBSERVATION		Observations	OBS.267387161				CC_BY_NC_4_0	Stichting Observation International	User 441917			2024-06-18T20:39:08.604Z		COORDINATE_ROUNDED;OCCURRENCE_STATUS_INFERRED_FROM_INDIVIDUAL_COUNT
4157620122	8a863029-f435-446a-821e-275f4f641165	https://observation.org/observation/266968148	Animalia	Chordata	Mammalia	Carnivora	Mustelidae	Meles	Meles meles		SPECIES	Meles meles (Linnaeus, 1758)	Meles meles		DE	WF Wolfenbüttel (Landkreis)	Niedersachsen	PRESENT	1	c8d737e0-2ff8-42e8-b8fc-6b805d26fc5f	52.1232	10.780883							2023-04-07	7	4	2023	2433875	2433875	HUMAN_OBSERVATION		Observations	OBS.266968148				CC_BY_NC_4_0	Stichting Observation International	User 776710			2024-06-18T20:28:19.304Z	StillImage	COORDINATE_ROUNDED;OCCURRENCE_STATUS_INFERRED_FROM_INDIVIDUAL_COUNT
4157471364	8a863029-f435-446a-821e-275f4f641165	https://observation.org/observation/271620140	Animalia	Chordata	Mammalia	Carnivora	Mustelidae	Meles	Meles meles		SPECIES	Meles meles (Linnaeus, 1758)	Meles meles		DE	FFH Leineaue unter dem Rammelsberg	Niedersachsen	PRESENT	1	c8d737e0-2ff8-42e8-b8fc-6b805d26fc5f	52.105377	9.774575	4.0						2023-05-14	14	5	2023	2433875	2433875	HUMAN_OBSERVATION		Observations	OBS.271620140				CC_BY_NC_4_0	Stichting Observation International	User 98625			2024-06-18T20:28:28.301Z		COORDINATE_ROUNDED;OCCURRENCE_STATUS_INFERRED_FROM_INDIVIDUAL_COUNT
4157444223	8a863029-f435-446a-821e-275f4f641165	https://observation.org/observation/272008718	Animalia	Chordata	Mammalia	Carnivora	Mustelidae	Meles	Meles meles		SPECIES	Meles meles (Linnaeus, 1758)	Meles meles		DE	FFH Göttinger Wald	Niedersachsen	PRESENT	1	c8d737e0-2ff8-42e8-b8fc-6b805d26fc5f	51.560242	10.036517	25.0						2023-05-14	14	5	2023	2433875	2433875	HUMAN_OBSERVATION		Observations	OBS.272008718				CC_BY_NC_4_0	Stichting Observation International	User 335633			2024-06-18T20:39:45.307Z		COORDINATE_ROUNDED;OCCURRENCE_STATUS_INFERRED_FROM_INDIVIDUAL_COUNT
4157379378	8a863029-f435-446a-821e-275f4f641165	https://observation.org/observation/266495356	Animalia	Chordata	Mammalia	Carnivora	Mustelidae	Meles	Meles meles		SPECIES	Meles meles (Linnaeus, 1758)	Meles meles		DE	NSG Rotenberg,Baerenkopf,Habichtsberg und Wihupsberg	Nordrhein-Westfalen	PRESENT	1	c8d737e0-2ff8-42e8-b8fc-6b805d26fc5f	52.124727	8.953365	261.0						2023-04-02	2	4	2023	2433875	2433875	HUMAN_OBSERVATION		Observations	OBS.266495356				CC_BY_NC_4_0	Stichting Observation International	User 736071			2024-06-18T20:28:16.305Z	StillImage	COORDINATE_ROUNDED;OCCURRENCE_STATUS_INFERRED_FROM_INDIVIDUAL_COUNT
4157240382	8a863029-f435-446a-821e-275f4f641165	https://observation.org/observation/267282498	Animalia	Chordata	Mammalia	Carnivora	Mustelidae	Meles	Meles meles		SPECIES	Meles meles (Linnaeus, 1758)	Meles meles		DE	HF Kirchlengern	Nordrhein-Westfalen	PRESENT	1	c8d737e0-2ff8-42e8-b8fc-6b805d26fc5f	52.192181	8.655842	9.0						2023-04-10	10	4	2023	2433875	2433875	HUMAN_OBSERVATION		Observations	OBS.267282498				CC_BY_NC_4_0	Stichting Observation International	User 499190			2024-06-18T20:28:18.303Z	StillImage	COORDINATE_ROUNDED;OCCURRENCE_STATUS_INFERRED_FROM_INDIVIDUAL_COUNT
4157111327	8a863029-f435-446a-821e-275f4f641165	https://observation.org/observation/266370387	Animalia	Chordata	Mammalia	Carnivora	Mustelidae	Meles	Meles meles		SPECIES	Meles meles (Linnaeus, 1758)	Meles meles		DE	WL Egestorf	Niedersachsen	PRESENT	1	c8d737e0-2ff8-42e8-b8fc-6b805d26fc5f	53.187283	10.015005	2.0						2023-03-31	31	3	2023	2433875	2433875	HUMAN_OBSERVATION		Observations	OBS.266370387				CC_BY_NC_4_0	Stichting Observation International	User 389083			2024-06-18T20:40:39.990Z	StillImage	COORDINATE_ROUNDED;OCCURRENCE_STATUS_INFERRED_FROM_INDIVIDUAL_COUNT
4156878956	8a863029-f435-446a-821e-275f4f641165	https://observation.org/observation/269883000	Animalia	Chordata	Mammalia	Carnivora	Mustelidae	Meles	Meles meles		SPECIES	Meles meles (Linnaeus, 1758)	Meles meles		DE	NSG Alter Steinbruch Liekwegen	Niedersachsen	PRESENT	1	c8d737e0-2ff8-42e8-b8fc-6b805d26fc5f	52.284508	9.187061							2023-05-01	1	5	2023	2433875	2433875	HUMAN_OBSERVATION		Observations	OBS.269883000				CC_BY_NC_4_0	Stichting Observation International	User 737235			2024-06-18T20:40:14.172Z	StillImage	COORDINATE_ROUNDED;OCCURRENCE_STATUS_INFERRED_FROM_INDIVIDUAL_COUNT
4156837894	8a863029-f435-446a-821e-275f4f641165	https://observation.org/observation/266371114	Animalia	Chordata	Mammalia	Carnivora	Mustelidae	Meles	Meles meles		SPECIES	Meles meles (Linnaeus, 1758)	Meles meles		DE	WL Egestorf	Niedersachsen	PRESENT	1	c8d737e0-2ff8-42e8-b8fc-6b805d26fc5f	53.186744	10.014993	2.0						2023-03-31	31	3	2023	2433875	2433875	HUMAN_OBSERVATION		Observations	OBS.266371114				CC_BY_NC_4_0	Stichting Observation International	User 389083			2024-06-18T20:38:57.134Z	StillImage	COORDINATE_ROUNDED;OCCURRENCE_STATUS_INFERRED_FROM_INDIVIDUAL_COUNT
4156688289	8a863029-f435-446a-821e-275f4f641165	https://observation.org/observation/271620072	Animalia	Chordata	Mammalia	Carnivora	Mustelidae	Meles	Meles meles		SPECIES	Meles meles (Linnaeus, 1758)	Meles meles		DE	FFH Leineaue unter dem Rammelsberg	Niedersachsen	PRESENT	1	c8d737e0-2ff8-42e8-b8fc-6b805d26fc5f	52.105377	9.774769	5.0						2023-05-14	14	5	2023	2433875	2433875	HUMAN_OBSERVATION		Observations	OBS.271620072				CC_BY_NC_4_0	Stichting Observation International	User 98625			2024-06-18T20:39:55.161Z		COORDINATE_ROUNDED;OCCURRENCE_STATUS_INFERRED_FROM_INDIVIDUAL_COUNT
4156576415	8a863029-f435-446a-821e-275f4f641165	https://observation.org/observation/268596928	Animalia	Chordata	Mammalia	Carnivora	Mustelidae	Meles	Meles meles		SPECIES	Meles meles (Linnaeus, 1758)	Meles meles		DE	RZ Herzogtum Lauenburg (Landkreis)	Schleswig-Holstein	PRESENT	1	c8d737e0-2ff8-42e8-b8fc-6b805d26fc5f	53.411316	10.424111	11.0						2023-04-21	21	4	2023	2433875	2433875	HUMAN_OBSERVATION		Observations	OBS.268596928				CC_BY_NC_4_0	Stichting Observation International	User 59460			2024-06-18T20:40:44.388Z		COORDINATE_ROUNDED;OCCURRENCE_STATUS_INFERRED_FROM_INDIVIDUAL_COUNT
4156553018	8a863029-f435-446a-821e-275f4f641165	https://observation.org/observation/265461820	Animalia	Chordata	Mammalia	Carnivora	Mustelidae	Meles	Meles meles		SPECIES	Meles meles (Linnaeus, 1758)	Meles meles		DE	LSG Elm	Niedersachsen	PRESENT	1	c8d737e0-2ff8-42e8-b8fc-6b805d26fc5f	52.156481	10.944227							2023-03-18	18	3	2023	2433875	2433875	HUMAN_OBSERVATION		Observations	OBS.265461820				CC_BY_NC_4_0	Stichting Observation International	User 777829			2024-06-18T20:39:03.770Z		COORDINATE_ROUNDED;OCCURRENCE_STATUS_INFERRED_FROM_INDIVIDUAL_COUNT
4156512702	8a863029-f435-446a-821e-275f4f641165	https://observation.org/observation/264649802	Animalia	Chordata	Mammalia	Carnivora	Mustelidae	Meles	Meles meles		SPECIES	Meles meles (Linnaeus, 1758)	Meles meles		DE	ESW Werra-Meißner-Kreis (Landkreis)	Hessen	PRESENT	1	c8d737e0-2ff8-42e8-b8fc-6b805d26fc5f	51.052833	9.981422	240.0						2023-03-04	4	3	2023	2433875	2433875	HUMAN_OBSERVATION		Observations	OBS.264649802				CC_BY_NC_4_0	Stichting Observation International	User 731060			2024-06-18T20:27:55.879Z		COORDINATE_ROUNDED;OCCURRENCE_STATUS_INFERRED_FROM_INDIVIDUAL_COUNT
4156463962	8a863029-f435-446a-821e-275f4f641165	https://observation.org/observation/265201041	Animalia	Chordata	Mammalia	Carnivora	Mustelidae	Meles	Meles meles		SPECIES	Meles meles (Linnaeus, 1758)	Meles meles		DE	Elbeniederung zwischen Schnackenburg und Geesthacht - N2000	Niedersachsen	PRESENT	1	c8d737e0-2ff8-42e8-b8fc-6b805d26fc5f	53.202698	11.092584	12.0						2023-03-15	15	3	2023	2433875	2433875	HUMAN_OBSERVATION		Observations	OBS.265201041				CC_BY_NC_4_0	Stichting Observation International	User 768339			2024-06-18T20:38:52.322Z		COORDINATE_ROUNDED;OCCURRENCE_STATUS_INFERRED_FROM_INDIVIDUAL_COUNT
4156463740	8a863029-f435-446a-821e-275f4f641165	https://observation.org/observation/264965256	Animalia	Chordata	Mammalia	Carnivora	Mustelidae	Meles	Meles meles		SPECIES	Meles meles (Linnaeus, 1758)	Meles meles		DE	LG Alt Garge	Niedersachsen	PRESENT	1	c8d737e0-2ff8-42e8-b8fc-6b805d26fc5f	53.261791	10.812827	7.0						2023-03-09	9	3	2023	2433875	2433875	HUMAN_OBSERVATION		Observations	OBS.264965256				CC_BY_NC_4_0	Stichting Observation International	User 732468			2024-06-18T20:28:12.282Z		COORDINATE_ROUNDED;OCCURRENCE_STATUS_INFERRED_FROM_INDIVIDUAL_COUNT
4156202604	8a863029-f435-446a-821e-275f4f641165	https://observation.org/observation/264244517	Animalia	Chordata	Mammalia	Carnivora	Mustelidae	Meles	Meles meles		SPECIES	Meles meles (Linnaeus, 1758)	Meles meles		DE	RZ Herzogtum Lauenburg (Landkreis)	Schleswig-Holstein	PRESENT	1	c8d737e0-2ff8-42e8-b8fc-6b805d26fc5f	53.5265	10.782326	5.0						2023-02-07	7	2	2023	2433875	2433875	HUMAN_OBSERVATION		Observations	OBS.264244517				CC_BY_NC_4_0	Stichting Observation International	User 344792			2024-06-18T20:40:33.230Z		COORDINATE_ROUNDED;OCCURRENCE_STATUS_INFERRED_FROM_INDIVIDUAL_COUNT
4155902976	8a863029-f435-446a-821e-275f4f641165	https://observation.org/observation/271404644	Animalia	Chordata	Mammalia	Carnivora	Mustelidae	Meles	Meles meles		SPECIES	Meles meles (Linnaeus, 1758)	Meles meles		DE	HX Marienmünster Großenbreden	Nordrhein-Westfalen	PRESENT	1	c8d737e0-2ff8-42e8-b8fc-6b805d26fc5f	51.827504	9.260146	13.0						2023-05-12	12	5	2023	2433875	2433875	HUMAN_OBSERVATION		Observations	OBS.271404644				CC_BY_NC_4_0	Stichting Observation International	User 161410			2024-06-18T20:41:23.865Z	StillImage	COORDINATE_ROUNDED;OCCURRENCE_STATUS_INFERRED_FROM_INDIVIDUAL_COUNT
4058437515	8a863029-f435-446a-821e-275f4f641165	https://observation.org/observation/263896204	Animalia	Chordata	Mammalia	Carnivora	Mustelidae	Meles	Meles meles		SPECIES	Meles meles (Linnaeus, 1758)	Meles meles		DE	HE Helmstedt (Landkreis)	Niedersachsen	PRESENT	1	c8d737e0-2ff8-42e8-b8fc-6b805d26fc5f	52.306983	10.624681	15.0						2023-02-19	19	2	2023	2433875	2433875	HUMAN_OBSERVATION		Observations	OBS.263896204				CC_BY_NC_4_0	Stichting Observation International	User 484440			2024-06-18T20:39:28.765Z		COORDINATE_ROUNDED;OCCURRENCE_STATUS_INFERRED_FROM_INDIVIDUAL_COUNT
4057867188	8a863029-f435-446a-821e-275f4f641165	https://observation.org/observation/262430153	Animalia	Chordata	Mammalia	Carnivora	Mustelidae	Meles	Meles meles		SPECIES	Meles meles (Linnaeus, 1758)	Meles meles		DE	ESW Werra-Meißner-Kreis (Landkreis)	Hessen	PRESENT	1	c8d737e0-2ff8-42e8-b8fc-6b805d26fc5f	51.088903	10.036311	60.0						2023-01-21	21	1	2023	2433875	2433875	HUMAN_OBSERVATION		Observations	OBS.262430153				CC_BY_NC_4_0	Stichting Observation International	User 731060			2024-06-18T20:28:08.684Z	StillImage	COORDINATE_ROUNDED;OCCURRENCE_STATUS_INFERRED_FROM_INDIVIDUAL_COUNT
4057865019	8a863029-f435-446a-821e-275f4f641165	https://observation.org/observation/263958434	Animalia	Chordata	Mammalia	Carnivora	Mustelidae	Meles	Meles meles		SPECIES	Meles meles (Linnaeus, 1758)	Meles meles		DE	PLÖ Plön (Landkreis)	Schleswig-Holstein	PRESENT	1	c8d737e0-2ff8-42e8-b8fc-6b805d26fc5f	54.3646	10.2625	15.0						2023-02-19	19	2	2023	2433875	2433875	HUMAN_OBSERVATION		Observations	OBS.263958434				CC_BY_NC_4_0	Stichting Observation International	User 183180			2024-06-18T20:40:24.612Z		OCCURRENCE_STATUS_INFERRED_FROM_INDIVIDUAL_COUNT
4057645570	8a863029-f435-446a-821e-275f4f641165	https://observation.org/observation/262241727	Animalia	Chordata	Mammalia	Carnivora	Mustelidae	Meles	Meles meles		SPECIES	Meles meles (Linnaeus, 1758)	Meles meles		DE	HEF Hersfeld-Rotenburg (Landkreis)	Hessen	PRESENT	1	c8d737e0-2ff8-42e8-b8fc-6b805d26fc5f	50.938182	9.930016	15.0						2023-01-16	16	1	2023	2433875	2433875	HUMAN_OBSERVATION		Observations	OBS.262241727				CC_BY_NC_4_0	Stichting Observation International	User 70748			2024-06-18T20:40:23.543Z		COORDINATE_ROUNDED;OCCURRENCE_STATUS_INFERRED_FROM_INDIVIDUAL_COUNT
4057586166	8a863029-f435-446a-821e-275f4f641165	https://observation.org/observation/263663759	Animalia	Chordata	Mammalia	Carnivora	Mustelidae	Meles	Meles meles		SPECIES	Meles meles (Linnaeus, 1758)	Meles meles		DE	LG VSG Lüneburger Heide	Niedersachsen	PRESENT	1	c8d737e0-2ff8-42e8-b8fc-6b805d26fc5f	53.1674	9.95889	3.0						2023-02-14	14	2	2023	2433875	2433875	HUMAN_OBSERVATION		Observations	OBS.263663759				CC_BY_NC_4_0	Stichting Observation International	User 389083			2024-06-18T20:39:31.570Z		OCCURRENCE_STATUS_INFERRED_FROM_INDIVIDUAL_COUNT
4057499237	8a863029-f435-446a-821e-275f4f641165	https://observation.org/observation/262230959	Animalia	Chordata	Mammalia	Carnivora	Mustelidae	Meles	Meles meles		SPECIES	Meles meles (Linnaeus, 1758)	Meles meles		DE	HEF Hersfeld-Rotenburg (Landkreis)	Hessen	PRESENT	1	c8d737e0-2ff8-42e8-b8fc-6b805d26fc5f	50.98625	9.894948	60.0						2023-01-16	16	1	2023	2433875	2433875	HUMAN_OBSERVATION		Observations	OBS.262230959				CC_BY_NC_4_0	Stichting Observation International	User 731060			2024-06-18T20:39:27.791Z	StillImage	COORDINATE_ROUNDED;OCCURRENCE_STATUS_INFERRED_FROM_INDIVIDUAL_COUNT
4056958836	8a863029-f435-446a-821e-275f4f641165	https://observation.org/observation/263075989	Animalia	Chordata	Mammalia	Carnivora	Mustelidae	Meles	Meles meles		SPECIES	Meles meles (Linnaeus, 1758)	Meles meles		DE	HI Derneburger Fischteiche	Niedersachsen	PRESENT	1	c8d737e0-2ff8-42e8-b8fc-6b805d26fc5f	52.098999	10.133994	5.0						2023-02-04	4	2	2023	2433875	2433875	HUMAN_OBSERVATION		Observations	OBS.263075989				CC_BY_NC_4_0	Stichting Observation International	User 98625			2024-06-18T20:40:24.691Z		COORDINATE_ROUNDED;OCCURRENCE_STATUS_INFERRED_FROM_INDIVIDUAL_COUNT
4056916395	8a863029-f435-446a-821e-275f4f641165	https://observation.org/observation/263680419	Animalia	Chordata	Mammalia	Carnivora	Mustelidae	Meles	Meles meles		SPECIES	Meles meles (Linnaeus, 1758)	Meles meles		DE	HX Marienmünster Großenbreden	Nordrhein-Westfalen	PRESENT	1	c8d737e0-2ff8-42e8-b8fc-6b805d26fc5f	51.832521	9.233227	7.0						2023-02-14	14	2	2023	2433875	2433875	HUMAN_OBSERVATION		Observations	OBS.263680419				CC_BY_NC_4_0	Stichting Observation International	User 161410			2024-06-18T20:28:06.196Z		COORDINATE_ROUNDED;OCCURRENCE_STATUS_INFERRED_FROM_INDIVIDUAL_COUNT
